CP,year,Doanh thu (đồng),Tăng trưởng doanh thu (%),Lợi nhuận sau thuế của Cổ đông công ty mẹ (đồng),Tăng trưởng lợi nhuận (%),Thu nhập lãi và các khoản tương tự,Chi phí lãi và các khoản tương tự,Thu nhập lãi thuần,Thu nhập từ hoạt động dịch vụ,Chi phí hoạt động dịch vụ,Lãi thuần từ hoạt động dịch vụ,Kinh doanh ngoại hối và vàng,Chứng khoán kinh doanh,Chứng khoán đầu tư,Hoạt động khác,Chi phí hoạt động khác,Lãi/lỗ thuần từ hoạt động khác,Cố tức đã nhận,Tổng thu nhập hoạt động,Chi phí quản lý DN,LN từ HĐKD trước CF dự phòng,Chi phí dự phòng rủi ro tín dụng,LN trước thuế,Thuế TNDN,Chi phí thuế TNDN hiện hành,Chi phí thuế TNDN hoãn lại,Lợi nhuận thuần,Cổ đông của Công ty mẹ,Lãi cơ bản trên cổ phiếu,symbol,Cổ đông thiểu số,Doanh thu thuần,Lãi gộp,Thu nhập tài chính,Chi phí tài chính,Lãi/Lỗ từ hoạt động kinh doanh,Lợi nhuận khác,Chi phí bán hàng,Thu nhập khác,"Lãi lỗ trong công ty liên doanh, liên kết",Thu nhập/Chi phí khác,Chi phí tiền lãi vay,Doanh thu bán hàng và cung cấp dịch vụ,Các khoản giảm trừ doanh thu,Giá vốn hàng bán,Lãi/lỗ từ công ty liên doanh
ACB,2024,50902749000000,-0.02758615828177908,16789768000000,0.0464348643258819,50902749000000.0,-23108047000000.0,27794702000000.0,5464958000000.0,-2226173000000.0,3238785000000.0,1170752000000.0,200357000000.0,450312000000.0,1266132000000.0,-642495000000.0,623637000000.0,36214000000.0,33514759000000.0,-10902603000000,22612156000000.0,-1606285000000.0,21005871000000,-4216103000000.0,-4199699000000,-16404000000.0,16789768000000,16789768000000,3669.0,ACB,,,,,,,,,,,,,,,,
ACB,2023,52346796000000,0.28619891174277867,16044733000000,0.17215858952310215,52346796000000.0,-27387226000000.0,24959570000000.0,4945751000000.0,-2023414000000.0,2922337000000.0,1110105000000.0,168383000000.0,2647140000000.0,1197217000000.0,-333846000000.0,863371000000.0,75610000000.0,32746516000000.0,-10874286000000,21872230000000.0,-1804231000000.0,20067999000000,-4023266000000.0,-3993022000000,-30244000000.0,16044733000000,16044733000000,3559.0,ACB,,,,,,,,,,,,,,,,
ACB,2022,40698834000000,0.20718583868153734,13688193000000,0.42544570063604725,40698834000000.0,-17165305000000.0,23533529000000.0,5057559000000.0,-1531315000000.0,3526244000000.0,1048369000000.0,-387873000000.0,20648000000.0,1110494000000.0,-120800000000.0,989694000000.0,59456000000.0,28790067000000.0,-11605045000000,17185022000000.0,-70814000000.0,17114208000000,-3426015000000.0,-3445611000000,19596000000.0,13688193000000,13688193000000,3486.0,ACB,,,,,,,,,,,,,,,,
ACB,2021,33713810000000,0.05832736999300723,9602746000000,0.24989811687709063,33713810000000.0,-14769018000000.0,18944792000000.0,4026460000000.0,-1132497000000.0,2893963000000.0,871556000000.0,449960000000.0,244051000000.0,703159000000.0,-563696000000.0,139463000000.0,20212000000.0,23563997000000.0,-8229776000000,15334221000000.0,-3336109000000.0,11998112000000,-2395366000000.0,-2389079000000,-6287000000.0,9602746000000,9602746000000,2799.0,ACB,,,,,,,,,,,,,,,,
ACB,2020,31855748000000,0.12494829173258874,7682823000000,0.2783533338203046,31855748000000.0,-17273625000000.0,14582123000000.0,2803484000000.0,-1108830000000.0,1694654000000.0,687187000000.0,166503000000.0,732115000000.0,495459000000.0,-215809000000.0,279650000000.0,19077000000.0,18161309000000.0,-7624268000000,10537041000000.0,-941153000000.0,9595888000000,-1913065000000.0,-1940681000000,27616000000.0,7682823000000,7682823000000,2808.0,ACB,,,,,,,,,,,,,,,,
BID,2024,138288411000000,-0.09474195024609502,25140037000000,0.16903663617782685,138288411000000.0,-80280835000000.0,58007576000000.0,13465312000000.0,-6390867000000.0,7074445000000.0,5361499000000.0,284513000000.0,4900330000000.0,9191893000000.0,-4205132000000.0,4986761000000.0,445742000000.0,81060866000000.0,-27966817000000,53094049000000.0,-21109180000000.0,31984869000000,-6380832000000.0,-6384627000000,3795000000.0,25604037000000,25140037000000,3204.0,BID,-464000000000.0,,,,,,,,,,,,,,,
BID,2023,152761316000000,0.2624825669444498,21504918000000,0.18904249893508274,152761316000000.0,-96625750000000.0,56135566000000.0,11893400000000.0,-5323530000000.0,6569870000000.0,4707371000000.0,305396000000.0,2871740000000.0,6542525000000.0,-4474726000000.0,2067799000000.0,355275000000.0,73013017000000.0,-25080598000000,47932419000000.0,-20343515000000.0,27588904000000,-5611763000000.0,-5615711000000,3948000000.0,21977141000000,21504918000000,3314.0,BID,-472223000000.0,,,,,,,,,,,,,,,
BID,2022,121000733000000,0.1979332647895252,18085912000000,0.7159084634375755,121000733000000.0,-65041035000000.0,55959698000000.0,10345574000000.0,-4694148000000.0,5651426000000.0,3136613000000.0,-31664000000.0,258467000000.0,6530152000000.0,-2316065000000.0,4214087000000.0,290952000000.0,69479579000000.0,-22714597000000,46764982000000.0,-23842333000000.0,22922649000000,-4574125000000.0,-4589174000000,15049000000.0,18348524000000,18085912000000,2699.0,BID,-262612000000.0,,,,,,,,,,,,,,,
BID,2021,101007908000000,0.0031821824321354203,10540138000000,0.5064609750248048,101007908000000.0,-54184600000000.0,46823308000000.0,10370092000000.0,-3755811000000.0,6614281000000.0,1896154000000.0,586241000000.0,207341000000.0,8957444000000.0,-2778592000000.0,6178852000000.0,187622000000.0,62493799000000.0,-19465321000000,43028478000000.0,-29480827000000.0,13547651000000,-2706380000000.0,-2707403000000,1023000000.0,10841271000000,10540138000000,1729.0,BID,-301133000000.0,,,,,,,,,,,,,,,
BID,2020,100687502000000,-0.0005928004468609433,6996622000000,-0.16393266121693864,100687502000000.0,-64890703000000.0,35796799000000.0,8618090000000.0,-3351709000000.0,5266381000000.0,1732324000000.0,478668000000.0,1516137000000.0,7992789000000.0,-2900221000000.0,5092568000000.0,154267000000.0,50037144000000.0,-17692960000000,32344184000000.0,-23317941000000.0,9026243000000,-1802678000000.0,-1799378000000,-3300000000.0,7223565000000,6996622000000,1004.0,BID,-226943000000.0,,,,,,,,,,,,,,,
BVH,2024,42669681559583,5.956831746837611e-05,2110496926600,0.16904502779445874,,,,,,,,,,,,,,,-5724600399115,,,2663171477296,,-464527211119,-4475662847.0,2194168603330,2110496926600,,BVH,83671676730.0,39823175683648.0,-969112867855.0,12689327095724.0,-2115731389939.0,-8040512078455.0,26010917803.0,-1346798811485.0,29836692724.0,94085046978.0,-3825774921.0,,,,,
BVH,2023,42667139949845,0.0003899519197083114,1805317054880,0.16397409330196044,,,,,,,,,,,,,,,-4955068509491,,,2263431525645,,-378792911930,-3335621421.0,1881302992294,1805317054880,,BVH,75985937414.0,40085479193176.0,-2532319107166.0,13543366344269.0,-2826898758974.0,-8581413695556.0,35349424748.0,-1094026078899.0,39586150146.0,102048945174.0,-4236725398.0,,,,,
BVH,2022,42650508302256,0.0,1550994189019,0.0,,,,,,,,,,,,,,,-4019572408261,,,2010163563631,,-383042077773,-1515105473.0,1625606380385,1550994189019,,BVH,74612191366.0,40688247074927.0,104851183757.0,9922384516749.0,-1840260685326.0,-6196626596677.0,19285763472.0,-2281905372173.0,22160700664.0,86451708165.0,-2874937192.0,,,,,
BVH,2021,39999792780016,0.046980922501048746,1911694257420,0.1966125910206654,,,,,,,,,,,,,,,-3996411660861,,,2398034325409,,-387034915982,7414599023.0,2018414008450,1911694257420,,BVH,106719751030.0,36830138479863.0,613506546839.0,8911612242924.0,-1059722118833.0,-5648920188450.0,28644118166.0,-2266015074428.0,30723977395.0,92993746827.0,-2079859229.0,,,,,
BVH,2020,38204891722825,0.0667423648815013,1597588285269,0.3442513386807574,,,,,,,,,,,,,,,-3756517474608,,,1953285808059,,-267396475068,-36042360066.0,1649846972925,1597588285269,,BVH,52258687656.0,34524044284544.0,-2040914480867.0,9495658687333.0,-1841912602607.0,-5797431955475.0,11606822031.0,0.0,13517757652.0,70011972612.0,-1910935621.0,,,,,
CTG,2024,124460685000000,-0.06188998641059475,25348215000000,0.27355245672254447,124460685000000.0,-62057891000000.0,62402794000000.0,12232801000000.0,-5536813000000.0,6695988000000.0,4196682000000.0,91829000000.0,-288044000000.0,10687733000000.0,-2268947000000.0,8418786000000.0,390648000000.0,81908683000000.0,-22545929000000,59362754000000.0,-27598829000000.0,31763925000000,-6281358000000.0,-6285898000000,4540000000.0,25482567000000,25348215000000,4720.0,CTG,-134352000000.0,,,,,,,,,,,,,,,
CTG,2023,132671737000000,0.2675889833045229,19903550000000,0.17607382535464267,132671737000000.0,-79714259000000.0,52957478000000.0,12384836000000.0,-5271107000000.0,7113729000000.0,4248109000000.0,292626000000.0,-154121000000.0,7080218000000.0,-1277142000000.0,5803076000000.0,287268000000.0,70548165000000.0,-20443499000000,50104666000000.0,-25115141000000.0,24989525000000,-4944903000000.0,-4944844000000,-59000000.0,20044622000000,19903550000000,3200.0,CTG,-141072000000.0,,,,,,,,,,,,,,,
CTG,2022,104664634000000,0.2367568712414908,16923725000000,0.20122175407913825,104664634000000.0,-56872679000000.0,47791955000000.0,11549069000000.0,-5687120000000.0,5861949000000.0,3555521000000.0,-112163000000.0,-30184000000.0,7507011000000.0,-969157000000.0,6537854000000.0,512244000000.0,64117176000000.0,-19194714000000,44922462000000.0,-23790589000000.0,21131873000000,-4148228000000.0,-4147777000000,-451000000.0,16983645000000,16923725000000,2703.0,CTG,-59920000000.0,,,,,,,,,,,,,,,
CTG,2021,84628302000000,0.01137458925751641,14088760000000,0.026862432491883137,84628302000000.0,-42839837000000.0,41788465000000.0,9572678000000.0,-4612172000000.0,4960506000000.0,1812484000000.0,495864000000.0,223865000000.0,4516269000000.0,-1118203000000.0,3398066000000.0,477382000000.0,53156632000000.0,-17185850000000,35970782000000.0,-18381626000000.0,17589156000000,-3373814000000.0,-3412160000000,38346000000.0,14215342000000,14088760000000,2510.0,CTG,-126582000000.0,,,,,,,,,,,,,,,
CTG,2020,83676516000000,0.011284913337021309,13720202000000,0.4501442565778981,83676516000000.0,-48096888000000.0,35579628000000.0,8358635000000.0,-3996181000000.0,4362454000000.0,1999721000000.0,601275000000.0,360950000000.0,2714619000000.0,-785226000000.0,1929393000000.0,524038000000.0,45357459000000.0,-16069428000000,29288031000000.0,-12168215000000.0,17119816000000,-3334608000000.0,-3322056000000,-12552000000.0,13785208000000,13720202000000,3200.0,CTG,-65006000000.0,,,,,,,,,,,,,,,
FPT,2024,62962652134635,0.19643597005693922,7856767812178,0.21524151439289263,,,,,,,,,,,,,,,-7074038614774,,,11069666417819,,-1922927614658,280683727283.0,9427422530444,7856767812178,,FPT,1570654718266.0,62848794351367.0,23698348369916.0,1935749115305.0,-1811547381981.0,11025080772955.0,44585644864.0,-6115961971783.0,175450599740.0,0.0,-130864954876.0,-551639361786.0,62962652134635.0,-113857783268.0,-39150445981451.0,392531256272.0
FPT,2023,52625174861333,0.19540153678395708,6465190432622,0.21752508848556798,,,,,,,,,,,,,,,-6625373638359,,,9203006098570,,-1424017001796,9060642842.0,7788049739616,6465190432622,,FPT,1322859306994.0,52617900827385.0,20319553444682.0,2336069089819.0,-1718298463710.0,9111745534433.0,91260564137.0,-5242551906960.0,200956010920.0,0.0,-109695446783.0,-832648611261.0,52625174861333.0,-7274033948.0,-32298347382703.0,42347008961.0
FPT,2022,44023010881275,0.23413827528742234,5310108591408,0.22425740016426637,,,,,,,,,,,,,,,-5846280653514,,,7662282959880,,-1193613667231,22674161820.0,6491343454469,5310108591408,,FPT,1181234863061.0,44009527680911.0,17167278641198.0,1998503979865.0,-1687369701824.0,7589289622311.0,72993337569.0,-4526440691815.0,184323926142.0,0.0,-111330588573.0,-645725556308.0,44023010881275.0,-13483200364.0,-26842249039713.0,483598048401.0
FPT,2021,35671052233610,0.19214665095503627,4337411879802,0.22594753883895297,,,,,,,,,,,,,,,-4612325935574,,,6337206440958,,-954883280274,-33022061188.0,5349301099496,4337411879802,,FPT,1011889219694.0,35657262545027.0,13631964236778.0,1270789386267.0,-1144187446845.0,6228494136764.0,108712304194.0,-3604610784981.0,133219177622.0,0.0,-24506873428.0,-483995846804.0,35671052233610.0,-13789688583.0,-22025298308249.0,686864681119.0
FPT,2020,29921698144296,0.07663058913597777,3538007738822,0.1284249968253022,,,,,,,,,,,,,,,-4495366457586,,,5263456629967,,-942814118631,103102706262.0,4423745217598,3538007738822,,FPT,885737478776.0,29830400526824.0,11813657474727.0,821896424782.0,-548165211617.0,5190654463931.0,72802166036.0,-2713561338553.0,131401186949.0,0.0,-58599020913.0,-385337754896.0,29921698144296.0,-91297617472.0,-18016743052097.0,312193572178.0
GAS,2024,103603614927247,0.15097048632947824,10398370049725,-0.10405457593293793,,,,,,,,,,,,,,,-3197034309940,,,13172107496375,,-2561813069323,-20173841542.0,10590120585510,10398370049725,,GAS,191750535785.0,103564126562888.0,17654357438748.0,1736612351244.0,-660047745399.0,13156405325870.0,15702170505.0,-2415289067133.0,41606598391.0,0.0,-25904427886.0,-318596953375.0,103603614927247.0,-39488364359.0,-85909769124140.0,37806658350.0
GAS,2023,90014136902542,-0.10632481090106574,11606030646959,-0.21571956631008618,,,,,,,,,,,,,,,-1474856883595,,,14639542209210,,-2812599931853,-33846797814.0,11793095479543,11606030646959,,GAS,187064832584.0,89953906513325.0,16924921455698.0,2272915648323.0,-586713077889.0,14619122980234.0,20419228976.0,-2543871863091.0,33550256202.0,0.0,-13131027226.0,-339976056558.0,90014136902542.0,-60230389217.0,-73028985057627.0,26727700788.0
GAS,2022,100723549227433,0.27510824076662704,14798317219715,0.7062581381502309,,,,,,,,,,,,,,,-1074753539576,,,18806274860388,,-3709948669392,-29933901568.0,15066392289428,14798317219715,,GAS,268075069713.0,100723549227433.0,21314536657889.0,1568073330550.0,-671395477079.0,18727890017478.0,78384842910.0,-2440389587646.0,111967278406.0,0.0,-33582435496.0,-336861023097.0,100723549227433.0,0.0,-79409012569544.0,31818633340.0
GAS,2021,78992156122272,0.23165508116603017,8672965062460,0.10413924007342794,,,,,,,,,,,,,,,-1479072397239,,,11204998243771,,-2304278491555,-48907622506.0,8851812129710,8672965062460,,GAS,178847067250.0,78992156122272.0,13985654978341.0,1186807167063.0,-402749045863.0,11173110811484.0,31887432287.0,-2132583045802.0,83102974835.0,0.0,-51215542548.0,-304138743377.0,78992156122272.0,0.0,-65006501143931.0,15053154984.0
GAS,2020,64134965486838,-0.1483883322308284,7854955921939,-0.34004434260100547,,,,,,,,,,,,,,,-769205023620,,,9978064228697,,-2037319332206,31046323461.0,7971791219952,7854955921939,,GAS,116835298013.0,64134965486838.0,11406015984511.0,1451117996323.0,-169134841287.0,9964437834512.0,13626394185.0,-1943004886832.0,50448429544.0,0.0,-36822035359.0,-101218192497.0,64134965486838.0,0.0,-52728949502327.0,-11351394583.0
GVR,2024,26267016732896,0.18491949694403775,3988716618482,0.5205681394220847,,,,,,,,,,,,,,,-2325102410148,,,5606391439164,,-943200647191,163475234978.0,4826666026951,3988716618482,,GVR,837949408469.0,26241944114845.0,6965048047130.0,957207763983.0,-464998442921.0,4739759927528.0,866631511636.0,-554280177352.0,1378217343266.0,0.0,-511585831630.0,-352905202449.0,26267016732896.0,-25072618051.0,-19276896067715.0,161885146836.0
GVR,2023,22167764814943,-0.12983296156957314,2623175190293,-0.32425155520382354,,,,,,,,,,,,,,,-1864450111955,,,4113891839564,,-688075163368,-52955013507.0,3372861662689,2623175190293,,GVR,749686472396.0,22138403152486.0,4962898479712.0,1114792596285.0,-618011845618.0,2795528168347.0,1318363671217.0,-591451294471.0,1654215097847.0,0.0,-335851426630.0,-477578421406.0,22167764814943.0,-29361662457.0,-17175504672774.0,-208249655606.0
GVR,2022,25475298231163,-0.02863432430264328,3881881209633,-0.06645070034397356,,,,,,,,,,,,,,,-1756840052036,,,5768180052419,,-936903046284,-27128098390.0,4804148907745,3881881209633,,GVR,922267698112.0,25421401285123.0,6389958933649.0,894185343656.0,-693655051039.0,4444925924720.0,1323254127699.0,-592312872341.0,1818655064604.0,0.0,-495400936905.0,-490848598668.0,25475298231163.0,-53896946040.0,-19031442351474.0,203589622831.0
GVR,2021,26226269744269,0.2405753449224656,4158196263511,0.1027563323868624,,,,,,,,,,,,,,,-1681979286962,,,6212769218890,,-992548229630,119825569822.0,5340046559082,4158196263511,,GVR,1181850295571.0,26189593001148.0,7575288103430.0,830813573113.0,-719154123110.0,5783328011285.0,429441207605.0,-507093532539.0,1044967454846.0,0.0,-615526247241.0,-607999588765.0,26226269744269.0,-36676743121.0,-18614304897718.0,285453277353.0
GVR,2020,21140408643143,0.0663740726075217,3770729889631,0.16016044830115186,,,,,,,,,,,,,,,-1774060277264,,,5911174781928,,-1097558697209,262737526531.0,5076353611250,3770729889631,,GVR,1305623721619.0,21116314350816.0,4599195233204.0,2968395937100.0,-867058667345.0,4802983412892.0,1108191369036.0,-442912025818.0,1469460910652.0,0.0,-361269541616.0,-726129832902.0,21140408643143.0,-24094292327.0,-16517119117612.0,319423213015.0
HDB,2024,57995528000000,0.10172667750203422,12762953000000,0.2673103232700798,57995528000000.0,-27138452000000.0,30857076000000.0,3295623000000.0,-1879045000000.0,1416578000000.0,843813000000.0,68929000000.0,68253000000.0,869862000000.0,-163991000000.0,705871000000.0,71664000000.0,34032184000000.0,-11980755000000,22051429000000.0,-5321434000000.0,16729995000000,-3482347000000.0,-3561555000000,79208000000.0,13247648000000,12762953000000,3671.0,HDB,-484695000000.0,,,,,,,,,,,,,,,
HDB,2023,52640577000000,0.5796878674219477,10070898000000,0.29950525136539113,52640577000000.0,-30456603000000.0,22183974000000.0,2830168000000.0,-642366000000.0,2187802000000.0,564703000000.0,41723000000.0,1167005000000.0,541644000000.0,-282491000000.0,259153000000.0,9325000000.0,26413685000000.0,-9129202000000,17284483000000.0,-4267751000000.0,13016732000000,-2680719000000.0,-2724629000000,43910000000.0,10336013000000,10070898000000,3482.0,HDB,-265115000000.0,,,,,,,,,,,,,,,
HDB,2022,33323404000000,0.27304159005448075,7749794000000,0.2802130463289204,33323404000000.0,-15311836000000.0,18011568000000.0,3308455000000.0,-351637000000.0,2956818000000.0,134237000000.0,16986000000.0,312620000000.0,588126000000.0,-60036000000.0,528090000000.0,6785000000.0,21967104000000.0,-8630709000000,13336395000000.0,-3068339000000.0,10268056000000,-2058586000000.0,-2091986000000,33400000000.0,8209470000000,7749794000000,2689.0,HDB,-459676000000.0,,,,,,,,,,,,,,,
HDB,2021,26176210000000,0.13134510477176065,6053519000000,0.42470973410130364,26176210000000.0,-12285433000000.0,13890777000000.0,2127733000000.0,-200295000000.0,1927438000000.0,179248000000.0,100932000000.0,477213000000.0,496275000000.0,-313638000000.0,182637000000.0,0.0,16758245000000.0,-6382768000000,10375477000000.0,-2305860000000.0,8069617000000,-1616118000000.0,-1620180000000,4062000000.0,6453499000000,6053519000000,2403.0,HDB,-399980000000.0,,,,,,,,,,,,,,,
HDB,2020,23137246000000,0.17938459482272132,4248949000000,0.17870313912192914,23137246000000.0,-11239541000000.0,11897705000000.0,1088274000000.0,-138291000000.0,949983000000.0,167656000000.0,105179000000.0,139809000000.0,630093000000.0,-111250000000.0,518843000000.0,260000000.0,13779435000000.0,-6172829000000,7606606000000.0,-1788384000000.0,5818222000000,-1171125000000.0,-1164048000000,-7077000000.0,4647097000000,4248949000000,2667.0,HDB,-398148000000.0,,,,,,,,,,,,,,,
HPG,2024,140561387448572,0.16788764028869568,12021443836074,0.7587901514911872,,,,,,,,,,,,,,,-1545516022772,,,13693502261178,,-1765806007240,92327367333.0,12020023621271,12021443836074,,HPG,-1420214803.0,138855112131387.0,18497549127684.0,2618917240287.0,-3966636074605.0,13267005585330.0,426496675848.0,-2337308685264.0,1159769685093.0,0.0,-733273009245.0,-2287360810880.0,140561387448572.0,-1706275317185.0,-120357563003703.0,0.0
HPG,2023,120355231616139,-0.15700393486910685,6835064334356,-0.19431180160337386,,,,,,,,,,,,,,,-1307290336873,,,7792728743173,,-1073551888059,81211459967.0,6800388315081,6835064334356,,HPG,-34676019275.0,118953027893654.0,12937840695572.0,3173086404949.0,-5191511844389.0,7650762789307.0,141965953866.0,-1961362129952.0,771973465495.0,0.0,-630007511629.0,-3585077683881.0,120355231616139.0,-1402203722485.0,-106015187198082.0,0.0
HPG,2022,142770810676858,0.0,8483510554031,0.0,,,,,,,,,,,,,,,-1019444279447,,,9922941127284,,-1001020240086,-477491832682.0,8444429054516,8483510554031,,HPG,-39081499515.0,141409274460632.0,16763426239552.0,3743650707331.0,-7026723285241.0,9794030627309.0,128910499975.0,-2665806087302.0,872024724926.0,0.0,-743114224951.0,-3083638131818.0,142770810676858.0,-1361536216226.0,-124645848221080.0,-1072667584.0
HPG,2021,150865359967200,0.6527929855390505,34478143197460,1.5633735353176597,,,,,,,,,,,,,,,-1324261548679,,,37056777714190,,-2855306347167,319483564275.0,34520954931298,34478143197460,,HPG,42811733838.0,149679789979345.0,41108409532992.0,3071440640188.0,-3731542257873.0,37008443446265.0,48334267925.0,-2120068223228.0,796666105925.0,0.0,-748331838000.0,-2525823258237.0,150865359967200.0,-1185569987855.0,-108571380446353.0,4465302865.0
HPG,2020,91279041771826,0.41128627385412764,13450300052812,0.7868352226512231,,,,,,,,,,,,,,,-690298504185,,,15356966791701,,-1784567843866,-66234890928.0,13506164056907,13450300052812,,HPG,55864004095.0,90118503426717.0,18904049904154.0,1004789766270.0,-2837406430588.0,15292303808992.0,64662982709.0,-1090795558423.0,654081334225.0,0.0,-589418351516.0,-2191680923417.0,91279041771826.0,-1160538345109.0,-71214453522563.0,1964631764.0
MBB,2024,69061893000000,-0.0011736538699923867,22633757000000,0.09464569642054656,69061893000000.0,-27909674000000.0,41152219000000.0,14602602000000.0,-10234353000000.0,4368249000000.0,2000164000000.0,1756022000000.0,2803105000000.0,4658444000000.0,-1377624000000.0,3280820000000.0,52643000000.0,55413222000000.0,-17007250000000,38405972000000.0,-9576644000000.0,28829328000000,-5878064000000.0,-5888266000000,10202000000.0,22951264000000,22633757000000,3724.0,MBB,-317507000000.0,,,,,,,,,,,,,,,
MBB,2023,69143043000000,0.3173663579788001,20676788000000,0.18269755847697744,69143043000000.0,-30459195000000.0,38683848000000.0,13137624000000.0,-9052399000000.0,4085225000000.0,1209825000000.0,541566000000.0,300404000000.0,3457702000000.0,-1029591000000.0,2428111000000.0,57083000000.0,47306062000000.0,-14912941000000,32393121000000.0,-6087032000000.0,26306089000000,-5252297000000.0,-5269869000000,17572000000.0,21053792000000,20676788000000,3966.0,MBB,-377004000000.0,,,,,,,,,,,,,,,
MBB,2022,52485812000000,0.36451071849028616,17482735000000,0.376910430158127,52485812000000.0,-16462690000000.0,36023122000000.0,14243734000000.0,-10108166000000.0,4135568000000.0,1703960000000.0,141128000000.0,1315248000000.0,3025807000000.0,-884149000000.0,2141658000000.0,131941000000.0,45592625000000.0,-14815628000000,30776997000000.0,-8047677000000.0,22729320000000,-4574135000000.0,-4582973000000,8838000000.0,18155185000000,17482735000000,3856.0,MBB,-672450000000.0,,,,,,,,,,,,,,,
MBB,2021,38464932000000,0.17387831250414093,12697075000000,0.5366814726348987,38464932000000.0,-12265378000000.0,26199554000000.0,12308295000000.0,-7940917000000.0,4367378000000.0,1331468000000.0,221236000000.0,1445713000000.0,4210764000000.0,-956450000000.0,3254314000000.0,114835000000.0,36934498000000.0,-12377188000000,24557310000000.0,-8030051000000.0,16527259000000,-3305822000000.0,-3307574000000,1752000000.0,13221437000000,12697075000000,3133.0,MBB,-524362000000.0,,,,,,,,,,,,,,,
MBB,2020,32767393000000,0.0503512818254192,8262659000000,0.05623146677015938,32767393000000.0,-12489598000000.0,20277795000000.0,8228173000000.0,-4652620000000.0,3575553000000.0,785809000000.0,85086000000.0,865869000000.0,2808825000000.0,-1129275000000.0,1679550000000.0,92511000000.0,27362173000000.0,-10555457000000,16806716000000.0,-6118440000000.0,10688276000000,-2082237000000.0,-2089420000000,7183000000.0,8606039000000,8262659000000,2993.0,MBB,-343380000000.0,,,,,,,,,,,,,,,
MSN,2024,83456446000000,0.06290926885781765,1999059000000,3.774499337226382,,,,,,,,,,,,,,,-3916974000000,,,6024803000000,,-1510936000000,-241483000000.0,4272384000000,1999059000000,,MSN,2273325000000.0,83177720000000.0,24655738000000.0,4043530000000.0,-7900139000000.0,6760549000000.0,-735746000000.0,-14565375000000.0,180026000000.0,0.0,-915772000000.0,-6404706000000.0,83456446000000.0,-278726000000.0,-58521982000000.0,4443769000000.0
MSN,2023,78516999000000,0.027968421362712464,418695000000,-0.8826197169831421,,,,,,,,,,,,,,,-3750002000000,,,2562974000000,,-1288786000000,595739000000.0,1869927000000,418695000000,,MSN,1451232000000.0,78251619000000.0,22121112000000.0,2405205000000.0,-8129513000000.0,2350429000000.0,212545000000.0,-14192355000000.0,309976000000.0,0.0,-97431000000.0,-6946060000000.0,78516999000000.0,-265380000000.0,-56130507000000.0,3895982000000.0
MSN,2022,76380750000000,-0.14935546490146256,3566996000000,-0.5834351098146628,,,,,,,,,,,,,,,-3854314000000,,,5147150000000,,-626750000000,233984000000.0,4754384000000,3566996000000,,MSN,1187388000000.0,76189225000000.0,21035024000000.0,2575563000000.0,-6361642000000.0,5222742000000.0,-75592000000.0,-12511539000000.0,279707000000.0,0.0,-355299000000.0,-4847702000000.0,76380750000000.0,-191525000000.0,-55154201000000.0,4339650000000.0
MSN,2021,89791619000000,0.13850047951446764,8562882000000,5.939227638652752,,,,,,,,,,,,,,,-4064969000000,,,11488784000000,,-1499249000000,111846000000.0,10101381000000,8562882000000,,MSN,1538499000000.0,88628767000000.0,22134801000000.0,6799578000000.0,-5706531000000.0,11273182000000.0,215602000000.0,-11786338000000.0,501150000000.0,0.0,-285548000000.0,-4669426000000.0,89791619000000.0,-1162852000000.0,-66493966000000.0,3896641000000.0
MSN,2020,78868319000000,1.0317069739525595,1233982000000,-0.7779637902961564,,,,,,,,,,,,,,,-3040896000000,,,2324839000000,,-1086193000000,156367000000.0,1395013000000,1233982000000,,MSN,161031000000.0,77217808000000.0,17888697000000.0,1430663000000.0,-4556671000000.0,1195774000000.0,1129065000000.0,-13166087000000.0,1613262000000.0,0.0,-484197000000.0,-3770283000000.0,78868319000000.0,-1650511000000.0,-59329111000000.0,2640068000000.0
MWG,2024,135225101298992,0.1341135220353486,3721868441661,21.197661610378155,,,,,,,,,,,,,,,-3565767583102,,,4825763013078,,-1282537116919,190062332561.0,3733288228720,3721868441661,,MWG,11419787059.0,134341152848802.0,27499210077021.0,2376502605263.0,-1188465609510.0,5227045424891.0,-401282411813.0,-19849837609882.0,25743895664.0,,-427026307477.0,-1137236129748.0,135225101298992.0,-883948450190.0,-106841942771781.0,-44596454899.0
MWG,2023,119234184825086,-0.11496292698764089,167669392704,-0.9591026623765085,,,,,,,,,,,,,,,-1167651662536,,,689692367896,,-433257176515,-88606036442.0,167829154939,167669392704,,MWG,159762235.0,118279788455442.0,22520613163730.0,2166963715091.0,-1556146106982.0,1047068353997.0,-357375986101.0,-20916710755306.0,36883419051.0,,-394259405152.0,-1447718354797.0,119234184825086.0,-954396369644.0,-95759175291712.0,0.0
MWG,2022,134722248887557,0.08523113550283798,4099763027305,-0.16312054997420844,,,,,,,,,,,,,,,-1881027579714,,,6056355373558,,-1792998810102,-161642138517.0,4101714424939,4099763027305,,MWG,1951397634.0,133404777590524.0,30862042496181.0,1313137304323.0,-1382620454532.0,6574693698580.0,-518338325022.0,-22336838067678.0,61606712681.0,,-579945037703.0,-1362143909103.0,134722248887557.0,-1317471297033.0,-102542735094343.0,0.0
MWG,2021,124141525689948,0.13060207891335165,4898869278220,0.2504235956195219,,,,,,,,,,,,,,,-3823390074765,,,6471583750543,,-1632975695694,62818619041.0,4901426673890,4898869278220,,MWG,2557395670.0,122958106103174.0,27632131995534.0,1287956026163.0,-714707225745.0,6465606918356.0,5976832187.0,-17914173302345.0,54872797433.0,,-48895965246.0,-674427746189.0,124141525689948.0,-1183419586774.0,-95325974107640.0,-2210500486.0
MWG,2020,109801253690656,0.06103497289034607,3917767783159,0.021776830003072418,,,,,,,,,,,,,,,-3404431838167,,,5409735407353,,-1598413821219,108551123373.0,3919872709507,3917767783159,,MWG,2104926348.0,108546019665412.0,23954497272463.0,794121782667.0,-594151513751.0,5412529932954.0,-2794525601.0,-15333798830787.0,43512695471.0,,-46307221072.0,-594003821021.0,109801253690656.0,-1255234025244.0,-84591522392949.0,-3706939471.0
NVL,2024,9079619602216,0.903504014407864,-6454779904770,-11.658870630396098,,,,,,,,,,,,,,,-1449937734036,,,-2555664274349,,-861820090664,-977157838690.0,-4394642203703,-6454779904770,,NVL,2060137701067.0,9073375473961.0,83574055810.0,5940883938532.0,-4710868236963.0,-676474941013.0,-1879189333336.0,-533971724119.0,405929354905.0,0.0,-2285118688241.0,-291396806443.0,9079619602216.0,-6244128255.0,-8989801418151.0,-6155240237.0
NVL,2023,4769950330281,-0.5722297278725827,605578220113,-0.7199082926812598,,,,,,,,,,,,,,,-1490226089162,,,1998881691550,,-408200850882,-1104816315770.0,485864524898,605578220113,,NVL,-119713695215.0,4756902213820.0,1322207649307.0,5128130127876.0,-3244008255570.0,1272588950900.0,726292740650.0,-291975056813.0,1075033533475.0,0.0,-348740792825.0,-327706664781.0,4769950330281.0,-13048116461.0,-3434694564513.0,-151539424738.0
NVL,2022,11150728886696,-0.25499571662548515,2162071222708,-0.3295252519650113,,,,,,,,,,,,,,,-1536210395675,,,3982066348032,,-778709166202,-1021826971234.0,2181530210596,2162071222708,,NVL,19458987888.0,11134230477725.0,4251488954382.0,5004795281883.0,-4148522226595.0,2615042863896.0,1367023484136.0,-960131278956.0,1668784014492.0,0.0,-301760530356.0,-844309872037.0,11150728886696.0,-16498408971.0,-6882741523343.0,3622528857.0
NVL,2021,14967335269790,1.8554178543546993,3224687028176,-0.17718089148493965,,,,,,,,,,,,,,,-1325621428707,,,5086223164450,,-1322966306295,-308504019243.0,3454752838912,3224687028176,,NVL,230065810736.0,14902759885713.0,6135607688671.0,3644645699649.0,-3852245469584.0,3311575210267.0,1774647954183.0,-1291095498588.0,2381546814672.0,0.0,-606898860489.0,-514315367150.0,14967335269790.0,-64575384077.0,-8767152197042.0,284218826.0
NVL,2020,5241732045264,-0.5246126173438134,3919071634099,0.14210993855693946,,,,,,,,,,,,,,,-1290197237197,,,4649022346311,,-280426493741,-462094272894.0,3906501579676,3919071634099,,NVL,-12570054423.0,5026358409438.0,1832878970155.0,6210337779881.0,-1537268550611.0,5049191325055.0,-400168978744.0,-164007104072.0,325517674148.0,0.0,-725686652892.0,-566129859176.0,5241732045264.0,-215373635826.0,-3193479439283.0,-2552533101.0
PDR,2024,821690538691,0.3306401482193764,155087685811,-0.7732830438652404,,,,,,,,,,,,,,,-195211788640,,,261706612977,,-200285831890,93762939640.0,155183720727,155087685811,,PDR,96034916.0,821690538691.0,398897854138.0,401457567727.0,-319865157455.0,198582218122.0,63124394855.0,-36866109015.0,81188813916.0,,-18064419061.0,-284861000405.0,821690538691.0,0.0,-422792684553.0,-49830148633.0
PDR,2023,617515216109,-0.5895749170778471,684058609709,-0.3985044250401351,,,,,,,,,,,,,,,-199438960009,,,889360179562,,-206830818233,-27370508.0,682501990821,684058609709,,PDR,-1556618888.0,617515216109.0,543698935669.0,952218319140.0,-399487766179.0,859310678347.0,30049501215.0,-14473776877.0,70345130592.0,,-40295629377.0,-344195510199.0,617515216109.0,0.0,-73816280440.0,-23206073397.0
PDR,2022,1504574748971,-0.5843973567862526,1137262912956,-0.39020881685787984,,,,,,,,,,,,,,,-274502329387,,,1482381063986,,-329052384945,7303451453.0,1160632130494,1137262912956,,PDR,23369217538.0,1504574748971.0,1277271743729.0,1371607378618.0,-759741957526.0,1588326547985.0,-105945483999.0,-26251976329.0,2922423724.0,,-108867907723.0,-505710829277.0,1504574748971.0,0.0,-227303005242.0,-56311120.0
PDR,2021,3620224205834,-0.07439833966851432,1865003864267,0.5282862731964865,,,,,,,,,,,,,,,-220925703989,,,2344351806052,,-484357894838,612874665.0,1860606785879,1865003864267,,PDR,-4397078388.0,3620224205834.0,2763456593697.0,6738807513.0,-163341661278.0,2367806747468.0,-23454941416.0,-18007966070.0,7192563381.0,,-30647504797.0,-156996811651.0,3620224205834.0,0.0,-856767612137.0,-113322405.0
PDR,2020,3911211875460,0.14682570536295772,1220323637643,0.39602968729068433,,,,,,,,,,,,,,,-130208516284,,,1540220143183,,-319999845246,32190047.0,1220252487984,1220323637643,,PDR,-71149659.0,3911211875460.0,1821914603981.0,6122334350.0,-31064169156.0,1548862135463.0,-8641992280.0,-117902117428.0,77457535.0,,-8719449815.0,-23044589042.0,3911211875460.0,0.0,-2089297271479.0,0.0
PLX,2024,284124014890319,0.03663736652900828,2889803702540,0.019724352351260806,,,,,,,,,,,,,,,-1040695331786,,,3972180279455,,-799607413938,-11420925002.0,3161151940515,2889803702540,,PLX,271348237975.0,284017424539160.0,17351309925461.0,1635278874392.0,-1196075118805.0,3760132507450.0,212047772005.0,-13517691226147.0,294790227180.0,0.0,-82742455175.0,-568190119356.0,284124014890319.0,-106590351159.0,-266666114613699.0,528005384335.0
PLX,2023,274082359042928,-0.09892194705949023,2833906727712,0.9547676392232348,,,,,,,,,,,,,,,-949360826359,,,3947390245604,,-804270679753,-65799622451.0,3077319943400,2833906727712,,PLX,243413215688.0,273979175973479.0,15263901657807.0,2742716620267.0,-1723462286268.0,3817970501791.0,129419743813.0,-12139673166162.0,194730183129.0,0.0,-65310439316.0,-898602546828.0,274082359042928.0,-103183069449.0,-258715274315672.0,623848502506.0
PLX,2022,304171606608893,0.7987069858934169,1449740967084,-0.48933080239968146,,,,,,,,,,,,,,,-823260439762,,,2270127396278,,-435867990491,67973931964.0,1902233337751,1449740967084,,PLX,452492370667.0,304063811426444.0,12319636621265.0,1948942567940.0,-1706489278910.0,1942217776454.0,327909619824.0,-10499546305289.0,396386766136.0,0.0,-68477146312.0,-644056268958.0,304171606608893.0,-107795182449.0,-291744174805179.0,702934611210.0
PLX,2021,169105701481340,0.3637392056206143,2838904272857,1.872032344448441,,,,,,,,,,,,,,,-765824923747,,,3789339721584,,-626940150150,-38665391711.0,3123734179723,2838904272857,,PLX,284829906866.0,169008605067215.0,12622903813991.0,999546332203.0,-835512710492.0,3517193962030.0,272145759554.0,-9073259955415.0,390507588375.0,0.0,-118361828821.0,-602527447452.0,169105701481340.0,-97096414125.0,-156385701253224.0,569341405490.0
PLX,2020,124001495875733,-0.346178127451111,988465286035,-0.7622612099080428,,,,,,,,,,,,,,,-819680790229,,,1409580992044,,-202872632017,45863848305.0,1252572208332,988465286035,,PLX,264106922297.0,123918650378651.0,10039936944255.0,916720519051.0,-951684580108.0,1191399821081.0,218181170963.0,-8591021707535.0,255621224928.0,0.0,-37440053965.0,-706153423148.0,124001495875733.0,-82845497082.0,-113878713434396.0,597129435647.0
POW,2024,30305634268649,0.06976073087677785,1111588278970,0.07051895167990711,,,,,,,,,,,,,,,-877790745775,,,1383241166627,,-170618076178,-1281135283.0,1211341955166,1111588278970,,POW,99753676196.0,30305634268649.0,1997669677159.0,566095305919.0,-845430985696.0,882743241625.0,500497925002.0,0.0,1198188656482.0,,-697690731480.0,-381646636179.0,30305634268649.0,0.0,-28307964591490.0,42199990018.0
POW,2023,28329357578690,0.0037287089894637456,1038363942297,-0.4961497628743217,,,,,,,,,,,,,,,-1268124055600,,,1442068034314,,-234905255681,75779362785.0,1282942141418,1038363942297,,POW,244578199121.0,28329357578690.0,2704251001353.0,543578060404.0,-729647124365.0,1290182972885.0,151885061429.0,0.0,162091186750.0,,-10206125321.0,-564748639578.0,28329357578690.0,0.0,-25625106577337.0,40125091093.0
POW,2022,28224118055975,0.1491460560574729,2060858298332,0.14584174294598864,,,,,,,,,,,,,,,-867603382318,,,2809234173340,,-240765852700,-15539750493.0,2552928570147,2060858298332,,POW,492070271815.0,28224118055975.0,3726104104310.0,445221020562.0,-591786538077.0,2765157125191.0,44077048149.0,0.0,67138158695.0,,-23061110546.0,-437526336797.0,28224118055975.0,0.0,-24498013951665.0,53221920714.0
POW,2021,24560949330329,-0.17391466061319455,1798554042056,-0.23951682205299885,,,,,,,,,,,,,,,-130934373388,,,2339300278897,,-164456564043,-122690563437.0,2052153151417,1798554042056,,POW,253599109361.0,24560949330329.0,2539997923314.0,689859994612.0,-652802199566.0,2459182332685.0,-119882053788.0,-9426420660.0,19838218070.0,,-139720271858.0,-509644391365.0,24560949330329.0,0.0,-22020951407015.0,22487408373.0
POW,2020,29731733707513,-0.15950957256771386,2365014893441,-0.05764870236090485,,,,,,,,,,,,,,,-1174311774374,,,2875097434493,,-344116937614,131685587645.0,2662666084524,2365014893441,,POW,297651191083.0,29731733707513.0,4580095071937.0,439870134267.0,-999377552484.0,2855240598478.0,19856836015.0,-35159174296.0,30384633273.0,,-10527797258.0,-809234511179.0,29731733707513.0,0.0,-25151638635576.0,44123893428.0
SAB,2024,32164260254074,0.047465123610580716,4330113031371,0.05160960294589685,,,,,,,,,,,,,,,-839413837596,,,5647358628166,,-1146257135410,-6328065844.0,4494773426912,4330113031371,,SAB,164660395541.0,31872417486656.0,9318196568266.0,1067078171491.0,-24787963014.0,5676961187964.0,-29602559798.0,-4041556507837.0,28313181138.0,0.0,-57915740936.0,-27449548631.0,32164260254074.0,-291842767418.0,-22554220918390.0,197444756654.0
SAB,2023,30706760090689,-0.1285376319526141,4117605068688,-0.21176834254303956,,,,,,,,,,,,,,,-800691619935,,,5370410404295,,-1099082811973,-16274596613.0,4255052995709,4117605068688,,SAB,137447927021.0,30461367282215.0,9091362504235.0,1432568520354.0,-73433682681.0,5402631777049.0,-32221372754.0,-4479227839581.0,17484692469.0,0.0,-49706065223.0,-50214725919.0,30706760090689.0,-245392808474.0,-21370004777980.0,232053894657.0
SAB,2022,35235899123781,0.32575398155623836,5223851427095,0.4205855193615993,,,,,,,,,,,,,,,-740665660468,,,6813417318962,,-1323982218726,10362877048.0,5499797977284,5223851427095,,SAB,275946550189.0,34979083993835.0,10770706927084.0,1090560762647.0,-81993117030.0,6829660000370.0,-16242681408.0,-4532068273139.0,20990166318.0,0.0,-37232847726.0,-45517297000.0,35235899123781.0,-256815129946.0,-24208377066751.0,323119361276.0
SAB,2021,26578007393513,-0.055360965406210126,3677252341304,-0.22149787537784357,,,,,,,,,,,,,,,-597716255412,,,4856894249743,,-954964248596,27375546091.0,3929305547238,3677252341304,,SAB,252053205934.0,26373746293858.0,7608564811493.0,1119597121857.0,-22784167607.0,4780232844524.0,76661405219.0,-3500368629369.0,95929356826.0,0.0,-19267951607.0,-48739800374.0,26578007393513.0,-204261099655.0,-18765181482365.0,172939963562.0
SAB,2020,28135622624299,-0.2621865659880159,4723496860190,-0.06527672739419607,,,,,,,,,,,,,,,-702005344515,,,6111818325965,,-1124942822470,-50029533241.0,4936845970254,4723496860190,,SAB,213349110064.0,27961323837011.0,8501094784449.0,974401634870.0,-105449377566.0,6076410836146.0,35407489819.0,-2859036781083.0,55952250986.0,0.0,-20544761167.0,-63681326473.0,28135622624299.0,-174298787288.0,-19460229052562.0,267405919991.0
SHB,2024,50487346000000,-0.12332210632336779,9321949000000,0.27266306955123976,50487346000000.0,-29255227000000.0,21232119000000.0,1569532000000.0,-286112000000.0,1283420000000.0,86288000000.0,3329000000.0,-218061000000.0,1341801000000.0,-186133000000.0,1155668000000.0,29502000000.0,23572265000000.0,-5760231000000,17812034000000.0,-6242792000000.0,11569242000000,-2247293000000.0,-2261274000000,13981000000.0,9321949000000,9321949000000,2306.0,SHB,0.0,,,,,,,,,,,,,,,
SHB,2023,57589391000000,0.4124161744576831,7324758000000,-0.0522919249499089,57589391000000.0,-38304038000000.0,19285353000000.0,912654000000.0,-367727000000.0,544927000000.0,282207000000.0,11122000000.0,27981000000.0,501021000000.0,-67385000000.0,433636000000.0,743171000000.0,21328397000000.0,-5051539000000,16276858000000.0,-7037837000000.0,9239021000000,-1914263000000.0,-1908466000000,-5797000000.0,7324758000000,7324758000000,2024.0,SHB,0.0,,,,,,,,,,,,,,,
SHB,2022,40773670000000,0.1451242277742252,7728918000000,0.5435728948999243,40773670000000.0,-23223586000000.0,17550084000000.0,1241869000000.0,-351315000000.0,890554000000.0,116250000000.0,0.0,92641000000.0,807767000000.0,-120540000000.0,687227000000.0,4226000000.0,19340982000000.0,-4391593000000,14949389000000.0,-5260021000000.0,9689368000000,-1960450000000.0,-1961243000000,793000000.0,7728918000000,7728918000000,2107.0,SHB,0.0,,,,,,,,,,,,,,,
SHB,2021,35606329000000,0.13805070584956367,5007161000000,0.9206513050189259,35606329000000.0,-20035980000000.0,15570349000000.0,908741000000.0,-323118000000.0,585623000000.0,143539000000.0,0.0,988410000000.0,1133849000000.0,-272502000000.0,861347000000.0,3750000000.0,18153018000000.0,-4405941000000,13747077000000.0,-7487035000000.0,6260042000000,-1252881000000.0,-1256692000000,3811000000.0,5007161000000,5007161000000,2106.0,SHB,0.0,,,,,,,,,,,,,,,
SHB,2020,31287120000000,0.13020462162944776,2607012000000,0.07821778492818118,31287120000000.0,-21353921000000.0,9933199000000.0,749200000000.0,-226451000000.0,522749000000.0,124713000000.0,0.0,1293111000000.0,452687000000.0,-104117000000.0,348570000000.0,-14931000000.0,12207411000000.0,-4299189000000,7908222000000.0,-4640222000000.0,3268000000000,-660988000000.0,-662750000000,1762000000.0,2607012000000,2607012000000,1514.0,SHB,0.0,,,,,,,,,,,,,,,
SSI,2024,8529279575474,0.191624181124013,2835023120364,0.23649953650056182,,,,,,,,,,,,,,,-301749636986,,,3543527483662,,-694521335141,-3897115849.0,2845109032672,2835023120364,,SSI,10085912308.0,8529279575474.0,5241317966526.0,179295911401.0,-1574924138007.0,3543940102934.0,-412619272.0,,2504237662.0,0.0,-2916856934.0,-1505764783295.0,8529279575474.0,0.0,-3287961608948.0,0.0
SSI,2023,7157692593506,0.12971788006507626,2292781385416,0.3492347088456149,,,,,,,,,,,,,,,-361707269173,,,2848566970193,,-543354773079,-10739375556.0,2294472821558,2292781385416,,SSI,1691436142.0,7157692593506.0,4723127283681.0,123303909120.0,-1637647690041.0,2847076233587.0,1490736606.0,,2414205998.0,0.0,-923469392.0,-1570439043267.0,7157692593506.0,0.0,-2434565309825.0,0.0
SSI,2022,6335823057960,-0.14877492807748716,1699319896223,-0.369668345038323,,,,,,,,,,,,,,,-296389420325,,,2109703391777,,-458919223108,46909000130.0,1697693168799,1699319896223,,SSI,-1626727424.0,6335823057960.0,3630987654875.0,180692993813.0,-1415635205238.0,2099656023125.0,10047368652.0,,11255802218.0,0.0,-1208433566.0,-1030649945603.0,6335823057960.0,0.0,-2704835403085.0,0.0
SSI,2021,7443181911513,0.7044930134600915,2695913941251,1.144085387416762,,,,,,,,,,,,,,,-265009663885,,,3365038841169,,-650668031005,-19303112144.0,2695067698020,2695913941251,,SSI,-846243231.0,7443181911513.0,4288619458582.0,343297443354.0,-1114596408351.0,3252310829700.0,112728011469.0,,114101341802.0,0.0,-1373330333.0,-1029858485847.0,7443181911513.0,0.0,-3154562452931.0,0.0
SSI,2020,4366801067963,0.3498703567883624,1257372470832,0.38294159757479174,,,,,,,,,,,,,,,-184156140350,,,1557553285063,,-267248078434,-34373387674.0,1255931818955,1257372470832,,SSI,-1440651877.0,4366801067963.0,2465005296908.0,208753551822.0,-937145051524.0,1552457656856.0,5095628207.0,,5273691839.0,0.0,-178063632.0,-829431323089.0,4366801067963.0,0.0,-1901795771055.0,0.0
STB,2024,49988721000000,-0.10618436650175087,10087495000000,0.30690463160753173,49988721000000.0,-25457023000000.0,24531698000000.0,6121237000000.0,-3142812000000.0,2978425000000.0,1105728000000.0,0.0,55547000000.0,369016000000.0,-367937000000.0,1079000000.0,4641000000.0,28677118000000.0,-13982389000000,14694729000000.0,-1974364000000.0,12720365000000,-2632870000000.0,-2787723000000,154853000000.0,10087495000000,10087495000000,5351.0,STB,0.0,,,,,,,,,,,,,,,
STB,2023,55927329000000,0.49574914695703076,7718616000000,0.5312602726409751,55927329000000.0,-33854996000000.0,22072333000000.0,6136710000000.0,-3518807000000.0,2617903000000.0,1099548000000.0,0.0,33817000000.0,445447000000.0,-118874000000.0,326573000000.0,22837000000.0,26173011000000.0,-12889906000000,13283105000000.0,-3688105000000.0,9595000000000,-1876384000000.0,-2016154000000,139770000000.0,7718616000000,7718616000000,4094.0,STB,0.0,,,,,,,,,,,,,,,
STB,2022,37390848000000,0.25934392465043643,5040695000000,0.4775614569092269,37390848000000.0,-20243714000000.0,17147134000000.0,8329935000000.0,-3135855000000.0,5194080000000.0,1062244000000.0,0.0,-19983000000.0,2874203000000.0,-128854000000.0,2745349000000.0,12466000000.0,26141290000000.0,-10920717000000,15220573000000.0,-8881501000000.0,6339072000000,-1298377000000.0,-1168567000000,-129810000000.0,5040695000000,5040695000000,2674.0,STB,0.0,,,,,,,,,,,,,,,
STB,2021,29690736000000,-0.11602267582324191,3411496000000,0.27200602837976856,29690736000000.0,-17726249000000.0,11964487000000.0,6430648000000.0,-2088129000000.0,4342519000000.0,737093000000.0,0.0,163664000000.0,865198000000.0,-408092000000.0,457106000000.0,39448000000.0,17704317000000.0,-9749916000000,7954401000000.0,-3554375000000.0,4400026000000,-988530000000.0,-941026000000,-47504000000.0,3411496000000,3411496000000,1632.0,STB,0.0,,,,,,,,,,,,,,,
STB,2020,33587667000000,0.10206709846592038,2681981000000,0.09251714147912063,33587667000000.0,-22061113000000.0,11526554000000.0,5476812000000.0,-1732797000000.0,3744015000000.0,809739000000.0,0.0,94043000000.0,1181223000000.0,-57491000000.0,1123732000000.0,-27214000000.0,17270869000000.0,-10894615000000,6376254000000.0,-3036974000000.0,3339280000000,-657299000000.0,-938560000000,281261000000.0,2681981000000,2681981000000,1248.0,STB,0.0,,,,,,,,,,,,,,,
TCB,2024,60089462000000,0.05963386773933352,21522928000000,0.195465713297669,60089462000000.0,-24581499000000.0,35507963000000.0,10961642000000.0,-2919394000000.0,8042248000000.0,592556000000.0,81301000000.0,2359057000000.0,9324928000000.0,-8982217000000.0,342711000000.0,64561000000.0,46990397000000.0,-15369735000000,31620662000000.0,-4082294000000.0,27538368000000,-5778264000000.0,-5787711000000,9447000000.0,21760104000000,21522928000000,3049.0,TCB,-237176000000.0,,,,,,,,,,,,,,,
TCB,2023,56707759000000,0.2671378508296137,18003802000000,-0.10652778357447108,56707759000000.0,-29016639000000.0,27691120000000.0,11378085000000.0,-2663188000000.0,8714897000000.0,195750000000.0,64620000000.0,925833000000.0,6459694000000.0,-4025578000000.0,2434116000000.0,34756000000.0,40061092000000.0,-13251796000000,26809296000000.0,-3921068000000.0,22888228000000,-4697362000000.0,-4706721000000,9359000000.0,18190866000000,18003802000000,2549.0,TCB,-187064000000.0,,,,,,,,,,,,,,,
TCB,2022,44752636000000,0.26052219837557977,20150377000000,0.11622523508149954,44752636000000.0,-14462861000000.0,30289775000000.0,10840337000000.0,-2687732000000.0,8152605000000.0,-275063000000.0,-241845000000.0,425553000000.0,4499949000000.0,-2332574000000.0,2167375000000.0,8791000000.0,40527191000000.0,-13023129000000,27504062000000.0,-1936294000000.0,25567768000000,-5131342000000.0,-5174932000000,43590000000.0,20436426000000,20150377000000,5725.0,TCB,-286049000000.0,,,,,,,,,,,,,,,
TCB,2021,35503251000000,0.22416932373286286,18052250000000,0.4646866679253559,35503251000000.0,-8804638000000.0,26698613000000.0,8239494000000.0,-1857254000000.0,6382240000000.0,231416000000.0,152305000000.0,1804408000000.0,4343731000000.0,-2540485000000.0,1803246000000.0,4063000000.0,37076291000000.0,-11173395000000,25902896000000.0,-2664603000000.0,23238293000000,-4822911000000.0,-4840371000000,17460000000.0,18415382000000,18052250000000,5137.0,TCB,-363132000000.0,,,,,,,,,,,,,,,
TCB,2020,29001912000000,0.1593187029230214,12324991000000,0.22330729134357352,29001912000000.0,-10250703000000.0,18751209000000.0,6048443000000.0,-1859665000000.0,4188778000000.0,745000000.0,321397000000.0,1496997000000.0,5460013000000.0,-3180804000000.0,2279209000000.0,4191000000.0,27042526000000.0,-8631195000000,18411331000000.0,-2611035000000.0,15800296000000,-3217829000000.0,-3217829000000,0.0,12582467000000,12324991000000,3515.0,TCB,-257476000000.0,,,,,,,,,,,,,,,
TPB,2024,25948638000000,-0.09151112806734808,6071634000000,0.360338760901346,25948638000000.0,-13041982000000.0,12906656000000.0,4386294000000.0,-1022684000000.0,3363610000000.0,318932000000.0,180000000.0,1094914000000.0,1229244000000.0,-875309000000.0,353935000000.0,40000000.0,18038267000000.0,-6278857000000,11759410000000.0,-4159212000000.0,7600198000000,-1528564000000.0,-1528564000000,,6071634000000,6071634000000,2298.0,TPB,,,,,,,,,,,,,,,,
TPB,2023,28562417000000,0.3095409360820668,4463325000000,-0.28709351476437944,28562417000000.0,-16134589000000.0,12427828000000.0,3178465000000.0,-899217000000.0,2279248000000.0,779153000000.0,0.0,855841000000.0,872290000000.0,-977603000000.0,-105313000000.0,0.0,16236757000000.0,-6701533000000,9535224000000.0,-3946265000000.0,5588959000000,-1125634000000.0,-1125634000000,,4463325000000,4463325000000,1688.0,TPB,,,,,,,,,,,,,,,,
TPB,2022,21811015000000,0.25157766906027645,6260744000000,0.2964406579254983,21811015000000.0,-10424418000000.0,11386597000000.0,3596301000000.0,-904321000000.0,2691980000000.0,410216000000.0,0.0,426255000000.0,1324949000000.0,-622808000000.0,702141000000.0,0.0,15617189000000.0,-5945257000000,9671932000000.0,-1843644000000.0,7828288000000,-1567544000000.0,-1567544000000,,6260744000000,6260744000000,3958.0,TPB,,,,,,,,,,,,,,,,
TPB,2021,17426817000000,0.1752455366400654,4829179000000,0.3757603935286675,17426817000000.0,-7480768000000.0,9946049000000.0,2259689000000.0,-717223000000.0,1542466000000.0,373374000000.0,0.0,1409742000000.0,495761000000.0,-249984000000.0,245777000000.0,0.0,13517408000000.0,-4570696000000,8946712000000.0,-2908490000000.0,6038222000000,-1209043000000.0,-1209043000000,,4829179000000,4829179000000,3234.0,TPB,,,,,,,,,,,,,,,,
TPB,2020,14828235000000,0.25124728255893736,3510189000000,0.13457280623897405,14828235000000.0,-7209178000000.0,7619057000000.0,1539850000000.0,-602817000000.0,937033000000.0,408138000000.0,0.0,710680000000.0,1096636000000.0,-402355000000.0,694281000000.0,0.0,10369189000000.0,-4197293000000,6171896000000.0,-1783373000000.0,4388523000000,-878334000000.0,-878334000000,,3510189000000,3510189000000,3503.0,TPB,,,,,,,,,,,,,,,,
VCB,2024,93654841000000,-0.13375467461567148,33831386000000,0.022064541985358944,93654841000000.0,-38249106000000.0,55405735000000.0,13143005000000.0,-8006444000000.0,5136561000000.0,5291751000000.0,62123000000.0,3444000000.0,4468806000000.0,-2097103000000.0,2371703000000.0,307179000000.0,68578496000000.0,-23027363000000,45551133000000.0,-3314998000000.0,42236135000000,-8383018000000.0,-8526496000000,143478000000.0,33853117000000,33831386000000,5571.0,VCB,-21731000000.0,,,,,,,,,,,,,,,
VCB,2023,108115840000000,0.22701767168637438,33101027000000,0.10709426738955338,108115840000000.0,-54501409000000.0,53614431000000.0,12698083000000.0,-6872673000000.0,5825410000000.0,5660028000000.0,124539000000.0,0.0,4051437000000.0,-1777975000000.0,2273462000000.0,266456000000.0,67764326000000.0,-21905912000000,45858414000000.0,-4529947000000.0,41328467000000,-8206195000000.0,-8096357000000,-109838000000.0,33122272000000,33101027000000,5462.0,VCB,-21245000000.0,,,,,,,,,,,,,,,
VCB,2022,88112700000000,0.247667209222197,29899014000000,0.3592560959759192,88112700000000.0,-34866222000000.0,53246478000000.0,12425007000000.0,-5585907000000.0,6839100000000.0,5768445000000.0,-115194000000.0,81595000000.0,2928339000000.0,-874378000000.0,2053961000000.0,208436000000.0,68082821000000.0,-21250512000000,46832309000000.0,-9464218000000.0,37368091000000,-7449037000000.0,-8406860000000,957823000000.0,29919054000000,29899014000000,5821.0,VCB,-20040000000.0,,,,,,,,,,,,,,,
VCB,2021,70621957000000,0.02047280191669017,21996601000000,0.1921429864793889,70621957000000.0,-28349385000000.0,42272572000000.0,11286516000000.0,-3879443000000.0,7407073000000.0,4374820000000.0,137665000000.0,-85235000000.0,3100370000000.0,-707109000000.0,2393261000000.0,129810000000.0,56629966000000.0,-17665925000000,38964041000000.0,-11478198000000.0,27485843000000,-5469010000000.0,-4560128000000,-908882000000.0,22016833000000,21996601000000,4162.0,VCB,-20232000000.0,,,,,,,,,,,,,,,
VCB,2020,69205134000000,0.022753664585566623,18451311000000,-0.007046669365298741,69205134000000.0,-32919659000000.0,36285475000000.0,10588163000000.0,-3980846000000.0,6607317000000.0,3906399000000.0,1810000000.0,-98000000.0,2544714000000.0,-744461000000.0,1800253000000.0,461385000000.0,49062541000000.0,-16038250000000,33024291000000.0,-9974730000000.0,23049561000000,-4577043000000.0,-5081068000000,504025000000.0,18472518000000,18451311000000,4470.0,VCB,-21207000000.0,,,,,,,,,,,,,,,
VHM,2024,102323186000000,-0.01191169415347079,31801258000000,-0.04705069963189444,,,,,,,,,,,,,,,-4593011000000,,,40847949000000,,-5667211000000,-108052000000.0,35072686000000,31801258000000,,VHM,3271428000000.0,102323186000000.0,32967237000000.0,26844293000000.0,-10487365000000.0,40942908000000.0,-94959000000.0,-3791457000000.0,1163593000000.0,0.0,-1258552000000.0,-7589251000000.0,102323186000000.0,,-69355949000000.0,3211000000.0
VHM,2023,103556722000000,0.659759603233736,33371406000000,0.15748873195601562,,,,,,,,,,,,,,,-4092923000000,,,43310285000000,,-9232770000000,-544639000000.0,33532876000000,33371406000000,,VHM,161470000000.0,103556722000000.0,35706599000000.0,19954131000000.0,-3870289000000.0,44045413000000.0,-735128000000.0,-3662804000000.0,784716000000.0,0.0,-1519844000000.0,-3052805000000.0,103556722000000.0,,-67850123000000.0,10699000000.0
VHM,2022,62392603000000,-0.26584505380828843,28830869000000,-0.257406458313683,,,,,,,,,,,,,,,-2643927000000,,,38642699000000,,-9820841000000,339732000000.0,29161590000000,28830869000000,,VHM,330721000000.0,62392603000000.0,30696327000000.0,16690167000000.0,-4394119000000.0,37973052000000.0,669647000000.0,-2431780000000.0,1133744000000.0,0.0,-464097000000.0,-2075514000000.0,62392603000000.0,,-31696276000000.0,56384000000.0
VHM,2021,84985606000000,0.18783342977611964,38824562000000,0.41947879587353865,,,,,,,,,,,,,,,-3768594000000,,,48182977000000,,-8978371000000,-256128000000.0,38948478000000,38824562000000,,VHM,123916000000.0,84985606000000.0,48459564000000.0,7994896000000.0,-2785675000000.0,47664942000000.0,518035000000.0,-2289008000000.0,616722000000.0,0.0,-98687000000.0,-2348161000000.0,84985606000000.0,,-36526042000000.0,53759000000.0
VHM,2020,71546737000000,0.3858413741463733,27351280000000,0.2576818463064234,,,,,,,,,,,,,,,-2193460000000,,,36516837000000,,-8778070000000,467773000000.0,28206540000000,27351280000000,,VHM,855260000000.0,71546737000000.0,25936077000000.0,20244792000000.0,-4019261000000.0,37305841000000.0,-789004000000.0,-2680833000000.0,221432000000.0,0.0,-1010436000000.0,-3001572000000.0,71546737000000.0,,-45610660000000.0,18526000000.0
VIB,2024,32442938000000,-0.1157839074543977,7204470000000,-0.15865638108277502,32442938000000.0,-15692526000000.0,16750412000000.0,3202927000000.0,-1437468000000.0,1765459000000.0,500968000000.0,,247967000000.0,1518664000000.0,-218164000000.0,1300500000000.0,3746000000.0,20569052000000.0,-7211292000000,13357760000000.0,-4353458000000.0,9004302000000,-1799832000000.0,-1800834000000,1002000000.0,7204470000000,7204470000000,2385.0,VIB,,,,,,,,,,,,,,,,
VIB,2023,36691187000000,0.3337720328358308,8563053000000,0.011133379865097244,36691187000000.0,-18207116000000.0,18484071000000.0,3613539000000.0,-1410276000000.0,2203263000000.0,548470000000.0,,129730000000.0,850214000000.0,-58600000000.0,791614000000.0,3345000000.0,22160493000000.0,-6610743000000,15549750000000.0,-4845805000000.0,10703945000000,-2140892000000.0,-2140892000000,0.0,8563053000000,8563053000000,2837.0,VIB,,,,,,,,,,,,,,,,
VIB,2022,27509339000000,0.31152918108123995,8468767000000,0.3212320293303171,27509339000000.0,-12546784000000.0,14962555000000.0,4528970000000.0,-1340589000000.0,3188381000000.0,-275032000000.0,,-175843000000.0,408366000000.0,-53484000000.0,354882000000.0,2895000000.0,18057838000000.0,-6197114000000,11860724000000.0,-1279609000000.0,10581115000000,-2112348000000.0,-2112348000000,0.0,8468767000000,8468767000000,3971.0,VIB,,,,,,,,,,,,,,,,
VIB,2021,20975011000000,0.20289519373226267,6409750000000,0.380717113417518,20975011000000.0,-9158864000000.0,11816147000000.0,3520700000000.0,-778748000000.0,2741952000000.0,-86748000000.0,,196796000000.0,280404000000.0,-59414000000.0,220990000000.0,1766000000.0,14890903000000.0,-5281843000000,9609060000000.0,-1598048000000.0,8011012000000,-1601262000000.0,-1601262000000,0.0,6409750000000,6409750000000,2997.0,VIB,,,,,,,,,,,,,,,,
VIB,2020,17437106000000,0.25797790641486196,4642334000000,0.4212378023280662,17437106000000.0,-8940999000000.0,8496107000000.0,2951979000000.0,-563304000000.0,2388675000000.0,20789000000.0,,25240000000.0,362288000000.0,-79526000000.0,282762000000.0,1941000000.0,11215514000000.0,-4464872000000,6750642000000.0,-947635000000.0,5803007000000,-1160673000000.0,-1160511000000,-162000000.0,4642334000000,4642334000000,4096.0,VIB,,,,,,,,,,,,,,,,
VIC,2024,189090599000000,0.17118226743624826,11903028000000,4.5185173337042315,,,,,,,,,,,,,,,-15148307000000,,,16738706000000,,-12913575000000,1450927000000.0,5276058000000,11903028000000,,VIC,-6626970000000.0,189068040000000.0,27300818000000.0,47925492000000.0,-31208095000000.0,11664762000000.0,5073944000000.0,-18053919000000.0,10068646000000.0,0.0,-4994702000000.0,-22980044000000.0,189090599000000.0,-22559000000.0,-161767222000000.0,848773000000.0
VIC,2023,161452751000000,0.5858314303762273,2156925000000,-0.7543886199064185,,,,,,,,,,,,,,,-13463255000000,,,13769352000000,,-11287235000000,-426056000000.0,2056061000000,2156925000000,,VIC,-100864000000.0,161427568000000.0,23508476000000.0,20502485000000.0,-22841357000000.0,-4905383000000.0,18674735000000.0,-12513907000000.0,22132506000000.0,0.0,-3457771000000.0,-17245871000000.0,161452751000000.0,-25183000000.0,-137919092000000.0,-97825000000.0
VIC,2022,101809529000000,-0.19057947979818632,8781861000000,4.49334515568147,,,,,,,,,,,,,,,-15953649000000,,,12755518000000,,-11230925000000,519751000000.0,2044344000000,8781861000000,,VIC,-6737517000000.0,101793582000000.0,14693832000000.0,33048100000000.0,-14326299000000.0,8004363000000.0,4751155000000.0,-9371097000000.0,5809849000000.0,0.0,-1058694000000.0,-10758322000000.0,101809529000000.0,-15947000000.0,-87099750000000.0,-86524000000.0
VIC,2021,125780761000000,0.13566156450004463,-2513883000000,-1.460028287383567,,,,,,,,,,,,,,,-24034459000000,,,3146451000000,,-9905355000000,-799260000000.0,-7558164000000,-2513883000000,,VIC,-5044281000000.0,125687870000000.0,34064705000000.0,16045903000000.0,-11363667000000.0,7760906000000.0,-4614455000000.0,-6909908000000.0,1164220000000.0,0.0,-5778675000000.0,-10288893000000.0,125780761000000.0,-92891000000.0,-91623165000000.0,-41668000000.0
VIC,2020,110755497000000,-0.14909106154499047,5464627000000,-0.2758165179438146,,,,,,,,,,,,,,,-13403089000000,,,13942555000000,,-10282745000000,885763000000.0,4545573000000,5464627000000,,VIC,-919054000000.0,110490033000000.0,17312806000000.0,31068411000000.0,-12804561000000.0,14654704000000.0,-712149000000.0,-7253585000000.0,982699000000.0,0.0,-1694848000000.0,-11402385000000.0,110755497000000.0,-265464000000.0,-93177227000000.0,-265278000000.0
VJC,2024,72045286343724,0.23490782117502693,1403162979000,5.085075537822317,,,,,,,,,,,,,,,-1395675389992,,,1822616876699,,-11374269701,-407239214139.0,1404003392859,1403162979000,,VJC,840413859.0,72045286343724.0,7153301365271.0,1990850333440.0,-3480233352020.0,1671290420717.0,151326455982.0,-2596952535982.0,189496155555.0,,-38169699573.0,-3211952994975.0,72045286343724.0,0.0,-64891984978453.0,0.0
VJC,2023,58340618715308,0.4533609963749238,230590889181,1.101918669655409,,,,,,,,,,,,,,,-1099316843401,,,606103607021,,-3217284657,-371472907013.0,231413415351,230590889181,,VJC,822526170.0,58340618715308.0,2520746885819.0,2955033555114.0,-2242066937617.0,184272453966.0,421831153055.0,-1950124205949.0,662197107572.0,,-240365954517.0,-1950254195864.0,58340618715308.0,0.0,-55819871829489.0,0.0
VJC,2022,40141863488029,2.117834079282073,-2262499009854,-31.33454211958802,,,,,,,,,,,,,,,-534452104416,,,-2648658910470,,-172103552548,558787619233.0,-2261974843785,-2262499009854,,VJC,524166069.0,40141863488029.0,-1993287901678.0,2246221465280.0,-2483054483054.0,-3700916687220.0,1052257776750.0,-936343663352.0,1316105112282.0,,-263847335532.0,-1383641245573.0,40141863488029.0,0.0,-42135151389707.0,0.0
VJC,2021,12874919725450,-0.2933747111410147,74584907230,0.08738381454070365,,,,,,,,,,,,,,,-365729158499,,,180379522924,,-14027919315,-86692296300.0,79659307309,74584907230,,VJC,5074400079.0,12874919725450.0,-2038804485059.0,4032772056932.0,-806254583608.0,171956732124.0,8422790800.0,-607756237934.0,16201777600.0,,-7778986800.0,-804782847259.0,12874919725450.0,0.0,-14913724210509.0,-42270859708.0
VJC,2020,18220292888526,-0.6399360526064044,68591150827,-0.9819817563170432,,,,,,,,,,,,,,,-374847317582,,,-244492770448,,-13462059245,326620164827.0,68665335134,68591150827,,VJC,74184307.0,18220292888526.0,-1411928468501.0,970429628494.0,-419415685869.0,-2017567024489.0,1773074254041.0,-764076040739.0,1779506069100.0,,-6431815059.0,-452572729500.0,18220292888526.0,0.0,-19632221357027.0,-17729140292.0
VNM,2024,61823889921880,0.022238782049128013,9392310356250,0.05843012169162314,,,,,,,,,,,,,,,-1827916838987,,,11599653741335,,-2240859169951,94098418564.0,9452892989948,9392310356250,,VNM,60582633698.0,61782609528445.0,25590176323124.0,1585660836067.0,-428238548859.0,11593977638387.0,5676102948.0,-13357706796806.0,230631678594.0,0.0,-224955575646.0,-279424561295.0,61823889921880.0,-41280393435.0,-36192433205321.0,32002663848.0
VNM,2023,60478912566740,0.006727992650797531,8873812416864,0.04201358936562294,,,,,,,,,,,,,,,-1755619128197,,,10967899391486,,-1948363404628,-181821807.0,9019354165051,8873812416864,,VNM,145541748187.0,60368915511505.0,24544731615410.0,1716367576333.0,-503122771214.0,10903632881807.0,64266509679.0,-13018093111879.0,353408891551.0,0.0,-289142381872.0,-354094837255.0,60478912566740.0,-109997055235.0,-35824183896095.0,-80631298646.0
VNM,2022,60074730223299,-0.01536325288982742,8516023694342,-0.1914510125615499,,,,,,,,,,,,,,,-1595845681078,,,10495534676745,,-1956248296285,38288939248.0,8577575319708,8516023694342,,VNM,61551625366.0,59956247197418.0,23897231506707.0,1379904407740.0,-617537182995.0,10491064827100.0,4469849645.0,-12548212246871.0,289021799127.0,0.0,-284551949482.0,-166039091744.0,60074730223299.0,-118483025881.0,-36059015690711.0,-24475976403.0
VNM,2021,61012074147764,0.021585783231447688,10532477099899,-0.05103729877920185,,,,,,,,,,,,,,,-1567312426985,,,12922235486919,,-2320981674175,31282159734.0,10632535972478,10532477099899,,VNM,100058872579.0,60919164846146.0,26278301492307.0,1214683819394.0,-202338232232.0,12727619820191.0,194615666728.0,-12950670402404.0,422823192290.0,0.0,-228207525562.0,-88799090663.0,61012074147764.0,-92909301618.0,-34640863353839.0,-45044429889.0
VNM,2020,59722908393236,0.05891250235360362,11098936856369,0.048932292632721565,,,,,,,,,,,,,,,-1958155456285,,,13518536087024,,-2310674009890,27870156991.0,11235732234125,11098936856369,,VNM,136795377756.0,59636286225547.0,27668623387708.0,1581092655317.0,-308569328835.0,13539380824416.0,-20844737392.0,-13447492622165.0,212386195135.0,0.0,-233230932527.0,-143818465177.0,59722908393236.0,-86622167689.0,-31967662837839.0,3882188676.0
VPB,2024,80111645000000,0.046426198745027535,15778795000000,0.58200235634086,80111645000000.0,-31031238000000.0,49080407000000.0,13201660000000.0,-7075337000000.0,6126323000000.0,827240000000.0,360956000000.0,469667000000.0,9559809000000.0,-4182147000000.0,5377662000000.0,12801000000.0,62255056000000.0,-14339732000000,47915324000000.0,-27902624000000.0,20012700000000,-4025874000000.0,-3962779000000,-63095000000.0,15986826000000,15778795000000,1989.0,VPB,-208031000000.0,,,,,,,,,,,,,,,
VPB,2023,76557377000000,0.23082104975462317,9973939000000,-0.4510151603085166,76557377000000.0,-38382701000000.0,38174676000000.0,12307787000000.0,-5095905000000.0,7211882000000.0,-805973000000.0,380173000000.0,250032000000.0,7774012000000.0,-3248461000000.0,4525551000000.0,3147000000.0,49739488000000.0,-13941218000000,35798270000000.0,-24994374000000.0,10803896000000,-2309725000000.0,-2984015000000,674290000000.0,8494171000000,9973939000000,1433.0,VPB,1479768000000.0,,,,,,,,,,,,,,,
VPB,2022,62200250000000,0.22376158481446257,18167968000000,0.5500081561559184,62200250000000.0,-21179192000000.0,41021058000000.0,10455695000000.0,-4017943000000.0,6437752000000.0,-618050000000.0,-149194000000.0,508755000000.0,13017039000000.0,-2433072000000.0,10583967000000.0,12801000000.0,57797089000000.0,-14115731000000,43681358000000.0,-22461226000000.0,21220132000000,-4311325000000.0,-4859848000000,548523000000.0,16908807000000,18167968000000,2718.0,VPB,1259161000000.0,,,,,,,,,,,,,,,
VPB,2021,50827098000000,-0.02930896125029547,11721208000000,0.12555004148357557,50827098000000.0,-16478269000000.0,34348829000000.0,6884061000000.0,-2825030000000.0,4059031000000.0,-76394000000.0,8879000000.0,3150866000000.0,5468704000000.0,-2660916000000.0,2807788000000.0,2476000000.0,44301475000000.0,-10718937000000,33582538000000.0,-19218768000000.0,14363770000000,-2886600000000.0,-2886600000000,0.0,11477170000000,11721208000000,2647.0,VPB,244038000000.0,,,,,,,,,,,,,,,
VPB,2020,52361767000000,0.04986453675669052,10413760000000,0.2607056216006682,52361767000000.0,-20015944000000.0,32345823000000.0,6166753000000.0,-2810626000000.0,3356127000000.0,-307207000000.0,226466000000.0,1170731000000.0,3441951000000.0,-1205790000000.0,2236161000000.0,5013000000.0,39033114000000.0,-11392021000000,27641093000000.0,-14621638000000.0,13019455000000,-2605695000000.0,-2605695000000,0.0,10413760000000,10413760000000,4271.0,VPB,0.0,,,,,,,,,,,,,,,
VRE,2024,8939117000000,-0.0870379779672537,4095780000000,-0.07095676632037382,,,,,,,,,,,,,,,-641775000000,,,5133329000000,,-1080562000000,43013000000.0,4095780000000,4095780000000,,VRE,0.0,8939117000000.0,4755392000000.0,1785771000000.0,-838090000000.0,4720279000000.0,413050000000.0,-341019000000.0,464749000000.0,,-51699000000.0,-566101000000.0,8939117000000.0,,-4183725000000.0,0.0
VRE,2023,9791335000000,0.33008473753154444,4408600000000,0.5880797836643844,,,,,,,,,,,,,,,-438650000000,,,5526087000000,,-1111151000000,-6128000000.0,4408808000000,4408600000000,,VRE,208000000.0,9791335000000.0,5345885000000.0,1146339000000.0,-330426000000.0,5381880000000.0,144207000000.0,-341268000000.0,212434000000.0,,-68227000000.0,-330426000000.0,9791335000000.0,,-4445450000000.0,0.0
VRE,2022,7361437000000,0.24957745876393045,2776057000000,1.1118568896394854,,,,,,,,,,,,,,,-371266000000,,,3524490000000,,-807615000000,60253000000.0,2777128000000,2776057000000,,VRE,1071000000.0,7361437000000.0,3816520000000.0,538573000000.0,-359155000000.0,3452699000000.0,71791000000.0,-171973000000.0,88319000000.0,,-16528000000.0,-359155000000.0,7361437000000.0,,-3544917000000.0,0.0
VRE,2021,5891141000000,-0.29268831797839767,1314510000000,-0.44811501959607114,,,,,,,,,,,,,,,-433167000000,,,1692277000000,,-379237000000,1973000000.0,1315013000000,1314510000000,,VRE,503000000.0,5891141000000.0,2392105000000.0,387018000000.0,-486280000000.0,1657912000000.0,34365000000.0,-201764000000.0,84095000000.0,,-49730000000.0,-486176000000.0,5891141000000.0,,-3499036000000.0,0.0
VRE,2020,8328918000000,-0.10047663651629932,2381855000000,-0.16469517583851193,,,,,,,,,,,,,,,-398568000000,,,2992720000000,,-619241000000,8830000000.0,2382309000000,2381855000000,,VRE,454000000.0,8328918000000.0,3821287000000.0,275859000000.0,-467092000000.0,2901446000000.0,91274000000.0,-330040000000.0,123527000000.0,,-32253000000.0,-463586000000.0,8328918000000.0,,-4507631000000.0,0.0
