time,open,high,low,close,volume,symbol
2020-06-29,4.12,4.12,4.02,4.07,695034,VIB
2020-06-30,4.09,4.14,4.02,4.07,505813,VIB
2020-07-01,4.09,4.14,4.07,4.14,504327,VIB
2020-07-02,4.14,4.16,4.09,4.14,1319895,VIB
2020-07-03,4.16,4.16,4.14,4.14,440727,VIB
2020-07-06,4.14,4.16,4.09,4.14,725536,VIB
2020-07-07,6.84,6.93,6.84,6.84,2389942,ACB
2020-07-08,6.81,6.93,6.81,6.9,1647694,ACB
2020-07-09,40.44,40.86,40.27,40.74,444710,BVH
2020-07-10,6.59,6.75,6.59,6.67,9082870,SSI
2020-07-13,39.06,39.23,39.02,39.14,580920,PLX
2020-07-14,9.54,9.59,9.45,9.5,1809120,TCB
2020-07-15,40.78,41.04,40.61,40.82,611470,BVH
2020-07-16,107.8,112.0,107.3,112.0,280190,VJC
2020-07-17,20.74,20.74,20.57,20.57,1313100,FPT
2020-07-20,26.7,26.85,26.2,26.2,1258900,VRE
2020-07-21,39.19,39.23,38.43,38.72,439810,PLX
2020-07-22,35.62,35.62,35.49,35.62,625320,VCB
2020-07-23,76.01,76.01,74.89,75.13,137160,SAB
2020-07-24,15.26,15.39,14.43,14.73,8461420,CTG
2020-07-27,10.4,10.65,10.15,10.15,26014460,STB
2020-07-28,42.91,44.08,41.61,44.08,683540,GAS
2020-07-29,6.55,6.58,6.23,6.41,4929532,ACB
2020-07-30,74.22,76.0,74.22,75.65,242030,VIC
2020-07-31,74.67,80.0,74.49,77.78,939040,VIC
2020-08-03,10.15,10.45,10.05,10.35,9792690,STB
2020-08-04,8.93,9.02,8.86,8.9,1210770,TCB
2020-08-05,11.67,11.72,11.53,11.7,727910,PDR
2020-08-06,9.29,9.43,9.25,9.29,608120,GVR
2020-08-07,43.7,44.34,43.54,43.78,959230,MSN
2020-08-10,58.8,58.95,58.14,58.65,1688770,VHM
2020-08-11,44.34,44.34,43.78,44.18,658760,MSN
2020-08-12,7.45,7.47,7.27,7.33,6091725,ACB
2020-08-13,4.93,4.94,4.88,4.93,2730880,MBB
2020-08-14,40.05,40.1,39.03,39.12,584630,BVH
2020-08-17,7.3,7.45,7.27,7.45,6222301,ACB
2020-08-18,35.54,35.67,35.28,35.54,331690,VCB
2020-08-19,6.02,6.02,5.91,5.98,25160,TPB
2020-08-20,21.79,21.93,21.59,21.59,859310,BID
2020-08-21,39.1,39.52,39.1,39.27,548520,PLX
2020-08-24,22.3,22.52,22.13,22.38,940780,BID
2020-08-25,58.95,59.32,58.65,58.65,1907340,VHM
2020-08-26,40.44,40.86,40.27,40.61,548640,BVH
2020-08-27,47.72,47.72,47.13,47.46,501290,GAS
2020-08-28,10.83,10.92,10.57,10.57,1574520,GVR
2020-08-31,34.89,35.55,34.89,35.5,949010,NVL
2020-09-01,57.7,58.14,57.11,57.99,1565620,VHM
2020-09-03,13.61,13.87,13.61,13.68,996130,PDR
2020-09-04,44.02,45.72,44.02,45.56,2640190,MSN
2020-09-07,6.89,7.05,6.81,6.83,9582630,SSI
2020-09-08,21.29,21.62,21.18,21.62,1628870,FPT
2020-09-09,29.02,29.58,28.86,29.46,631980,MWG
2020-09-10,15.8,16.39,15.69,16.39,1503050,PDR
2020-09-11,5.54,5.9,5.54,5.82,7119274,SHB
2020-09-14,35.75,35.88,35.71,35.84,594680,VCB
2020-09-15,9.54,9.73,9.54,9.68,4040120,POW
2020-09-16,7.66,7.72,7.61,7.65,1270990,HDB
2020-09-17,6.48,6.51,6.46,6.48,1330110,TPB
2020-09-18,17.56,17.79,17.51,17.79,2284120,PDR
2020-09-21,5.82,6.14,5.82,5.98,6373333,SHB
2020-09-22,43.6,43.6,43.17,43.34,170700,PLX
2020-09-23,106.7,106.8,106.0,106.5,370730,VJC
2020-09-24,23.26,23.45,23.03,23.09,1523780,BID
2020-09-25,7.95,7.98,7.86,7.98,1459450,HDB
2020-09-28,79.14,79.51,78.71,79.33,2169790,VNM
2020-09-29,5.81,5.83,5.71,5.71,7980230,MBB
2020-09-30,11.11,11.19,11.0,11.13,12985480,HPG
2020-10-01,46.48,47.07,46.48,47.07,252570,GAS
2020-10-02,47.07,47.13,46.22,46.74,612860,GAS
2020-10-05,7.06,7.15,7.05,7.11,3570750,TPB
2020-10-06,104.8,104.9,103.9,104.5,408750,VJC
2020-10-07,6.14,6.26,6.1,6.14,3639400,SHB
2020-10-08,10.35,10.39,10.09,10.09,14366760,TCB
2020-10-09,18.0,18.4,18.0,18.3,10113630,CTG
2020-10-12,104.4,105.0,104.2,105.0,496670,VJC
2020-10-13,7.64,7.69,7.59,7.64,2640580,VPB
2020-10-14,7.83,8.05,7.76,8.05,5379490,SSI
2020-10-15,19.99,20.19,19.86,19.89,10107170,CTG
2020-10-16,22.36,23.54,22.23,23.24,5769540,FPT
2020-10-19,6.02,6.14,6.02,6.1,10589820,MBB
2020-10-20,33.9,34.16,33.48,34.16,977350,MWG
2020-10-21,86.93,87.02,85.96,86.49,172010,VIC
2020-10-22,7.81,8.01,7.74,8.01,6686080,SSI
2020-10-23,89.07,93.25,88.89,92.45,1761080,VIC
2020-10-26,23.99,24.27,23.14,23.14,3379510,BID
2020-10-27,8.0,8.13,7.93,7.95,10193930,VPB
2020-10-28,45.44,45.88,42.85,42.85,1554490,BVH
2020-10-29,42.41,43.97,42.15,43.45,1239150,BVH
2020-10-30,74.41,74.41,73.65,73.73,64260,SAB
2020-11-02,25.45,25.6,25.3,25.5,2991300,VRE
2020-11-03,37.05,37.09,36.57,36.7,308550,VCB
2020-11-04,14.17,14.35,13.94,14.26,4661700,GVR
2020-11-05,23.02,23.32,22.71,22.71,1305860,FPT
2020-11-06,9.34,9.42,9.3,9.42,3669400,ACB
2020-11-09,41.53,41.88,41.53,41.7,266160,PLX
2020-11-10,6.98,7.01,6.78,6.78,1607900,TPB
2020-11-11,93.87,94.22,91.56,94.05,1032780,VIC
2020-11-12,37.0,37.35,36.96,37.31,405350,VCB
2020-11-13,9.9,10.02,9.87,9.94,6222800,ACB
2020-11-16,6.92,6.95,6.84,6.84,1617010,TPB
2020-11-17,13.7,14.06,13.66,14.06,16228900,HPG
2020-11-18,81.48,82.53,81.25,82.46,3396750,VNM
2020-11-19,21.68,22.04,21.55,22.04,13599610,CTG
2020-11-20,8.47,8.66,8.47,8.59,3751000,HDB
2020-11-23,39.77,39.9,39.29,39.55,648830,VCB
2020-11-24,67.25,67.25,64.74,66.36,679550,MSN
2020-11-25,9.74,9.82,9.68,9.7,4487940,POW
2020-11-26,40.37,40.59,39.98,40.59,698350,VCB
2020-11-27,82.84,82.84,81.93,82.76,2823860,VNM
2020-11-30,23.96,23.99,23.54,23.54,1708190,BID
2020-12-01,8.36,8.63,8.36,8.63,8794040,SSI
2020-12-02,7.68,7.72,7.51,7.56,4206070,TPB
2020-12-03,8.85,9.07,8.81,8.98,8053380,SSI
2020-12-04,9.21,9.25,9.17,9.17,3959250,HDB
2020-12-07,62.26,62.71,61.75,62.41,1479390,VHM
2020-12-08,15.65,15.9,15.5,15.85,19849710,STB
2020-12-09,11.9,12.23,11.83,12.16,19001670,TCB
2020-12-10,50.12,50.2,48.91,49.08,1116050,BVH
2020-12-11,41.97,42.01,41.41,41.97,776190,VCB
2020-12-14,41.97,43.14,41.41,43.14,931080,VCB
2020-12-15,12.33,12.45,12.26,12.35,13700860,TCB
2020-12-16,67.97,68.46,67.89,68.38,648540,MSN
2020-12-17,42.57,42.57,41.02,41.45,2305960,VCB
2020-12-18,8.25,8.61,8.13,8.6,3473990,TPB
2020-12-21,16.44,16.46,16.16,16.25,15789770,HPG
2020-12-22,83.59,83.59,82.76,82.84,2266760,VNM
2020-12-23,123.6,123.6,122.1,122.6,529610,VJC
2020-12-24,7.1,7.18,6.78,6.9,9255014,SHB
2020-12-25,24.73,24.78,24.23,24.48,3114430,PDR
2020-12-28,28.01,28.61,26.86,28.01,4610970,GVR
2020-12-29,14.01,14.12,13.94,14.05,12909770,TCB
2020-12-30,31.7,32.05,31.1,31.35,5264090,VRE
2020-12-31,80.84,81.12,78.82,78.82,146100,SAB
2021-01-04,74.52,74.52,72.8,72.8,1915700,MSN
2021-01-05,36.17,36.61,35.16,36.17,7203800,NVL
2021-01-06,43.31,46.23,43.23,45.71,2080400,VCB
2021-01-07,9.91,9.91,9.71,9.82,1036700,VIB
2021-01-08,26.22,27.59,25.66,26.67,6681900,GVR
2021-01-11,126.5,132.0,126.5,131.3,786900,VJC
2021-01-12,19.9,20.05,19.5,19.8,27236800,STB
2021-01-13,11.39,11.81,11.32,11.65,5529300,VPB
2021-01-14,42.29,42.73,41.67,41.84,4715400,NVL
2021-01-15,41.79,42.01,40.34,40.34,6708400,NVL
2021-01-18,60.07,60.33,59.03,59.38,1008300,BVH
2021-01-19,44.88,44.97,41.83,43.1,1130300,VCB
2021-01-20,29.43,29.43,27.13,28.51,5355900,GVR
2021-01-21,83.6,84.2,82.76,83.9,2531200,VNM
2021-01-22,9.77,9.84,9.54,9.56,2745500,TPB
2021-01-25,36.9,38.3,36.6,37.8,6559800,VRE
2021-01-26,133.6,133.6,129.5,131.0,469900,VJC
2021-01-27,12.89,13.33,12.39,12.59,14521900,POW
2021-01-28,16.15,16.95,16.05,16.05,45050900,STB
2021-01-29,22.4,24.05,22.4,22.44,12775800,GVR
2021-02-01,10.06,10.28,9.87,10.0,7528200,ACB
2021-02-02,8.7,8.98,8.7,8.97,387700,VIB
2021-02-03,9.12,9.51,8.98,9.51,541300,VIB
2021-02-04,12.49,12.74,12.25,12.39,15551800,POW
2021-02-05,72.95,73.39,72.43,73.17,2245800,VHM
2021-02-08,95.56,95.82,89.78,89.78,3422500,VIC
2021-02-09,70.33,73.12,70.33,72.84,129900,SAB
2021-02-17,72.84,73.56,72.76,73.32,162000,SAB
2021-02-18,130.9,131.8,129.0,131.8,608400,VJC
2021-02-19,34.4,35.1,34.1,34.5,4599200,VRE
2021-02-22,97.07,98.4,94.22,97.51,1481000,VIC
2021-02-23,33.33,33.63,32.58,32.98,3369500,FPT
2021-02-24,12.74,12.84,12.3,12.44,10513000,POW
2021-02-25,33.24,33.33,32.54,33.28,1927500,FPT
2021-02-26,18.25,18.55,18.2,18.35,17421100,STB
2021-03-01,31.47,32.22,31.42,32.12,4017700,PDR
2021-03-02,51.16,51.25,50.3,50.39,3858000,PLX
2021-03-03,53.58,53.67,52.97,53.06,489900,BVH
2021-03-04,25.26,25.4,24.28,24.54,2089500,BID
2021-03-05,42.27,42.31,41.36,41.96,1661600,VCB
2021-03-08,73.47,73.54,71.33,71.62,3046500,VHM
2021-03-09,9.09,9.21,9.03,9.13,12179900,MBB
2021-03-10,31.77,32.22,31.57,32.12,4310900,PDR
2021-03-11,46.82,46.99,46.2,46.65,2540300,NVL
2021-03-12,46.48,46.59,46.03,46.25,1521600,NVL
2021-03-15,41.79,42.23,41.57,41.92,1438400,VCB
2021-03-16,52.02,52.28,51.24,51.59,379700,BVH
2021-03-17,34.9,35.4,34.8,34.85,5558500,VRE
2021-03-18,19.68,19.71,19.54,19.64,11166600,HPG
2021-03-19,45.58,45.69,44.45,44.45,3281400,NVL
2021-03-22,54.53,54.62,53.75,53.84,1133700,BVH
2021-03-23,9.58,9.6,9.45,9.48,15105300,MBB
2021-03-24,14.31,14.46,14.03,14.39,3766600,VPB
2021-03-25,128.0,130.9,127.8,128.1,508100,VJC
2021-03-26,32.5,32.75,31.2,32.2,6718200,VRE
2021-03-29,130.5,131.6,130.5,131.6,640100,VJC
2021-03-30,70.89,72.14,70.67,70.96,2901300,VHM
2021-03-31,71.31,73.34,69.68,73.34,168700,SAB
2021-04-01,21.35,21.65,21.1,21.6,33202800,STB
2021-04-02,46.42,46.65,46.03,46.14,1646800,NVL
2021-04-05,75.9,77.37,74.42,74.94,2653200,VHM
2021-04-06,34.55,34.94,34.55,34.68,1505800,FPT
2021-04-07,15.57,15.79,15.48,15.72,13001600,SSI
2021-04-08,13.77,13.82,13.43,13.57,13369700,POW
2021-04-09,25.66,25.71,25.28,25.43,4489700,BID
2021-04-12,42.88,43.18,42.4,43.05,2670100,VCB
2021-04-13,10.13,10.6,10.11,10.22,13381000,TPB
2021-04-14,28.13,28.87,27.86,28.7,14310200,CTG
2021-04-15,25.16,25.3,24.47,24.51,3301600,GVR
2021-04-16,51.07,51.94,49.77,50.12,1365000,BVH
2021-04-19,16.16,16.17,15.73,16.17,6235000,VPB
2021-04-20,12.76,12.91,12.46,12.61,7166900,ACB
2021-04-22,12.64,12.79,12.15,12.15,16952500,POW
2021-04-23,23.39,23.77,23.1,23.77,28493500,HPG
2021-04-26,44.71,44.71,42.69,42.95,1127800,PLX
2021-04-27,69.27,69.27,67.39,69.19,88700,SAB
2021-04-28,68.42,72.03,66.68,72.03,2231400,NVL
2021-04-29,43.42,43.51,42.65,43.25,1037100,PLX
2021-05-04,34.94,36.47,34.94,36.21,2362100,FPT
2021-05-05,54.8,55.91,54.61,55.58,919800,GAS
2021-05-06,45.06,45.73,44.9,45.41,923300,MWG
2021-05-07,63.52,63.85,61.93,62.34,199900,SAB
2021-05-10,70.81,73.54,70.81,73.02,3933700,VHM
2021-05-11,10.91,11.12,10.7,10.7,9406500,TPB
2021-05-12,71.74,73.15,71.46,73.15,2169300,NVL
2021-05-13,48.47,48.91,47.95,48.13,828000,BVH
2021-05-14,24.57,24.68,24.28,24.31,2724600,BID
2021-05-17,17.29,17.49,17.06,17.12,1108700,VIB
2021-05-18,12.89,13.02,12.32,12.85,24267707,SHB
2021-05-19,31.42,32.39,31.22,32.23,17470800,CTG
2021-05-20,13.73,14.07,13.73,14.03,12263200,ACB
2021-05-21,46.69,49.36,46.26,49.36,2248400,PLX
2021-05-24,22.1,22.13,21.28,21.77,39712200,VPB
2021-05-25,11.64,11.97,11.62,11.97,22789800,MBB
2021-05-26,93.35,93.35,91.71,93.02,1459300,MSN
2021-05-27,11.56,11.66,11.36,11.46,10007800,POW
2021-05-28,76.3,76.53,75.51,75.91,1733600,NVL
2021-05-31,30.0,30.1,29.3,29.4,8050500,VRE
2021-06-01,75.16,77.89,74.64,76.63,3869100,VHM
2021-06-02,62.06,62.75,61.77,61.93,149300,SAB
2021-06-03,11.75,12.49,11.75,12.49,29463700,POW
2021-06-04,43.14,43.19,42.53,42.98,3820600,FPT
2021-06-07,27.84,27.9,26.17,26.86,5275100,BID
2021-06-08,77.99,77.99,75.35,76.53,3759100,NVL
2021-06-09,46.95,47.21,45.66,46.26,4049700,PLX
2021-06-10,33.9,34.17,33.23,33.23,11556800,CTG
2021-06-11,48.47,49.86,48.39,49.6,1430200,BVH
2021-06-14,11.95,12.15,11.8,12.0,10929200,POW
2021-06-15,42.53,42.88,42.22,42.22,1778700,FPT
2021-06-16,21.54,22.19,21.54,21.8,24074100,VPB
2021-06-17,25.6,26.6,25.6,26.35,3579300,BID
2021-06-18,68.05,70.08,67.84,69.76,163800,SAB
2021-06-21,23.86,24.09,23.62,23.81,14920700,TCB
2021-06-22,34.04,35.18,33.64,34.84,21910600,CTG
2021-06-23,47.01,48.32,46.58,47.75,2248600,VCB
2021-06-24,29.75,29.9,28.85,29.0,21749700,STB
2021-06-25,104.18,104.89,103.73,104.45,1763300,VIC
2021-06-28,24.8,25.51,24.66,25.32,25721100,TCB
2021-06-29,115.7,120.0,115.3,120.0,666900,VJC
2021-06-30,119.8,121.7,119.8,121.5,595200,VJC
2021-07-01,44.71,45.11,44.66,45.11,1700100,FPT
2021-07-02,94.15,94.48,93.49,94.07,1294400,MSN
2021-07-05,120.0,121.0,117.8,118.3,480300,VJC
2021-07-06,26.92,27.9,25.26,25.26,6896000,BID
2021-07-07,12.94,14.25,12.54,13.02,34134483,SHB
2021-07-08,31.0,31.3,30.1,30.2,31647600,STB
2021-07-09,120.2,120.2,117.3,118.9,636700,VJC
2021-07-12,11.4,11.62,10.31,10.39,41657704,SHB
2021-07-13,92.53,93.42,88.0,91.56,2355200,VIC
2021-07-14,11.98,12.08,11.36,11.39,5212700,TPB
2021-07-15,65.46,66.46,65.08,65.62,3284100,VNM
2021-07-16,114.8,115.4,113.5,115.4,667200,VJC
2021-07-19,55.24,55.24,52.85,53.89,2533500,PDR
2021-07-20,50.53,52.64,50.05,52.64,1053200,MWG
2021-07-21,55.06,55.3,53.71,54.26,1986000,PDR
2021-07-22,78.48,80.16,78.48,80.08,2549000,NVL
2021-07-23,43.8,44.58,43.63,43.63,1060900,BVH
2021-07-26,54.07,55.79,53.52,55.55,2919700,PDR
2021-07-27,47.91,48.16,46.94,47.3,5007000,FPT
2021-07-28,78.92,79.36,77.81,78.48,4909500,VHM
2021-07-29,46.69,47.65,46.54,47.4,3712900,FPT
2021-07-30,18.93,19.91,18.83,19.91,15637500,VPB
2021-08-02,16.35,16.48,16.11,16.4,2011500,VIB
2021-08-03,13.05,13.27,13.0,13.23,19320400,MBB
2021-08-04,43.18,43.23,42.7,42.88,1160300,VCB
2021-08-05,46.0,46.44,45.56,46.0,806900,PLX
2021-08-06,111.58,112.32,111.08,111.08,670500,MSN
2021-08-09,31.27,32.52,31.27,32.38,5093700,GVR
2021-08-10,46.35,47.32,46.09,47.23,4106100,PLX
2021-08-11,30.5,30.85,30.35,30.4,26155800,STB
2021-08-12,43.75,43.88,43.31,43.49,986600,VCB
2021-08-13,12.72,12.94,12.41,12.72,17078564,SHB
2021-08-16,29.85,30.4,29.4,30.3,24095900,STB
2021-08-17,15.19,15.42,15.0,15.11,2284000,HDB
2021-08-18,21.21,21.25,20.76,20.89,14072500,VPB
2021-08-19,45.3,45.47,44.86,45.21,1008500,PLX
2021-08-20,35.51,35.87,33.21,33.44,12418100,GVR
2021-08-23,47.44,47.44,46.67,46.67,3436600,FPT
2021-08-24,14.03,14.38,13.65,14.09,1408500,VIB
2021-08-25,15.1,15.24,14.96,15.22,4865700,ACB
2021-08-26,20.17,20.23,19.81,19.84,4178000,VPB
2021-08-27,27.23,27.43,26.8,27.29,24491000,HPG
2021-08-30,11.8,12.0,11.66,11.75,13098400,POW
2021-08-31,48.47,49.77,48.39,49.34,2580900,BVH
2021-09-01,12.59,12.73,12.5,12.59,12748600,MBB
2021-09-06,15.1,15.15,14.98,15.03,7383200,ACB
2021-09-07,48.56,48.91,47.69,47.87,1459500,BVH
2021-09-08,11.8,12.0,11.66,11.7,12086400,POW
2021-09-09,11.75,12.15,11.66,11.9,9601500,POW
2021-09-10,47.9,48.41,47.9,47.95,1440100,FPT
2021-09-13,27.95,28.03,27.56,27.6,8458400,CTG
2021-09-14,21.15,21.15,20.79,20.85,6174200,VPB
2021-09-15,12.41,12.46,12.28,12.39,11950800,MBB
2021-09-16,22.44,22.67,22.41,22.62,1465600,BID
2021-09-17,45.03,45.03,44.51,44.51,893600,PLX
2021-09-20,22.99,23.13,22.9,22.9,1957000,BID
2021-09-21,14.91,15.01,14.75,14.91,3882100,ACB
2021-09-22,43.72,44.42,43.54,43.98,553000,PLX
2021-09-23,26.75,27.0,26.6,26.6,12776800,STB
2021-09-24,29.24,29.64,29.07,29.12,15884400,HPG
2021-09-27,61.97,62.03,60.36,60.36,1124300,GAS
2021-09-28,128.8,129.3,128.0,129.0,842800,VJC
2021-09-29,114.72,116.45,113.97,116.45,563500,MSN
2021-09-30,12.55,12.71,12.53,12.57,6644600,MBB
2021-10-01,14.45,14.74,14.31,14.71,14912000,TPB
2021-10-04,12.39,12.41,12.14,12.23,12211300,MBB
2021-10-05,31.82,32.05,31.59,31.7,26571500,HPG
2021-10-06,23.36,23.86,23.24,23.76,8579800,TCB
2021-10-07,61.26,61.74,61.26,61.6,966000,MWG
2021-10-08,79.55,79.78,78.71,79.78,1534200,NVL
2021-10-11,48.55,48.55,47.76,48.19,1873000,PLX
2021-10-12,26.75,26.8,26.35,26.6,11680000,STB
2021-10-13,63.66,64.58,63.57,64.43,1892600,MWG
2021-10-14,26.2,26.7,26.2,26.4,8760700,STB
2021-10-15,75.11,75.78,74.77,75.11,1099600,GAS
2021-10-18,27.0,27.2,26.85,26.9,14767900,STB
2021-10-19,14.4,14.4,14.11,14.3,783300,VIB
2021-10-20,78.32,79.24,77.49,78.1,2454000,NVL
2021-10-21,50.47,50.52,49.59,49.59,2283600,FPT
2021-10-22,61.74,61.79,61.16,61.4,925700,MWG
2021-10-25,25.69,26.13,25.43,25.91,8168800,CTG
2021-10-26,30.3,30.6,29.4,30.6,7925500,VRE
2021-10-27,14.54,14.6,14.26,14.58,1824500,VIB
2021-10-28,63.18,63.76,61.84,63.52,1189400,MWG
2021-10-29,83.16,85.5,81.48,83.49,1159800,GAS
2021-11-01,32.74,32.74,31.93,31.93,45218500,HPG
2021-11-02,23.99,24.39,23.88,24.08,1527700,BID
2021-11-03,82.45,82.52,80.23,80.31,5703800,NVL
2021-11-04,129.3,129.8,127.4,129.6,681700,VJC
2021-11-05,32.28,32.68,31.93,32.45,19377600,HPG
2021-11-08,58.31,58.8,56.77,57.14,4760700,PDR
2021-11-09,15.66,15.85,15.64,15.69,5047900,ACB
2021-11-10,81.03,81.13,80.25,80.25,4154800,VHM
2021-11-11,70.35,70.82,69.96,70.2,3380600,VNM
2021-11-12,80.92,81.68,80.16,80.92,1497600,NVL
2021-11-15,15.0,15.56,14.9,15.24,8997600,HDB
2021-11-16,66.41,66.89,65.44,66.36,1490600,MWG
2021-11-17,50.41,50.47,50.26,50.41,1186200,FPT
2021-11-18,27.95,28.16,27.64,27.86,9932800,CTG
2021-11-19,15.13,15.95,15.11,15.95,20848700,HDB
2021-11-22,78.25,78.4,77.41,77.94,1917700,NVL
2021-11-23,122.73,129.5,122.73,129.25,1864400,MSN
2021-11-24,67.77,68.55,67.77,68.55,2124500,VNM
2021-11-25,69.34,69.78,68.57,69.78,845700,MWG
2021-11-26,30.8,31.4,30.3,30.4,12697200,VRE
2021-11-29,16.38,17.14,16.06,16.64,11772200,HDB
2021-11-30,50.31,50.52,49.75,49.8,2563100,FPT
2021-12-01,15.52,15.71,15.5,15.71,3620400,ACB
2021-12-02,15.76,15.76,15.57,15.57,2645000,ACB
2021-12-03,16.85,17.04,16.38,16.38,9937000,HDB
2021-12-06,50.74,51.27,48.55,50.48,1623800,BVH
2021-12-07,59.05,60.03,58.62,60.03,5713100,PDR
2021-12-08,15.31,15.66,15.27,15.52,2900500,ACB
2021-12-09,42.4,43.27,42.36,43.18,805400,VCB
2021-12-10,23.86,24.04,23.67,23.71,7507300,TCB
2021-12-13,16.22,16.4,15.85,15.87,6201300,HDB
2021-12-14,128.76,130.08,128.59,129.67,942300,MSN
2021-12-15,129.05,133.18,129.05,133.18,1227700,MSN
2021-12-16,123.1,124.0,121.1,122.8,771600,VJC
2021-12-17,66.46,67.06,65.59,66.39,531800,GAS
2021-12-20,82.78,82.78,80.93,81.13,4652600,VHM
2021-12-21,64.85,64.98,63.04,63.04,1259500,GAS
2021-12-22,67.14,67.53,66.83,66.91,1844400,VNM
2021-12-23,15.29,15.31,15.01,15.24,4135300,ACB
2021-12-24,80.35,80.93,79.87,80.55,6813200,VHM
2021-12-27,48.31,48.72,47.85,48.47,793700,FPT
2021-12-28,44.98,45.54,43.86,44.98,1168800,VCB
2021-12-29,80.55,81.13,79.38,79.38,5229300,VHM
2021-12-30,60.71,60.71,60.51,60.67,82100,SAB
2021-12-31,126.0,128.3,125.8,128.3,894700,VJC
2022-01-04,16.32,16.32,16.06,16.13,4555000,ACB
2022-01-05,31.07,31.25,30.8,30.85,10443800,CTG
2022-01-06,34.5,35.6,34.1,35.6,24897800,VRE
2022-01-07,44.76,44.93,43.97,44.87,966200,VCB
2022-01-10,20.27,20.62,20.06,20.21,11049800,VPB
2022-01-11,69.07,70.08,68.4,69.28,650100,GAS
2022-01-12,22.89,23.81,22.86,23.81,12044200,TCB
2022-01-13,63.15,63.19,62.32,62.32,120000,SAB
2022-01-14,23.62,23.81,23.38,23.5,5187100,TCB
2022-01-17,15.52,15.78,15.36,15.36,7284700,ACB
2022-01-18,18.46,18.76,18.06,18.13,9953400,TPB
2022-01-19,32.6,33.3,32.5,33.25,4998000,VRE
2022-01-20,75.4,77.34,75.2,76.37,3627700,VHM
2022-01-21,123.6,123.7,121.0,122.0,515100,VJC
2022-01-24,11.17,11.49,11.14,11.17,10341700,SHB
2022-01-25,24.19,24.61,24.09,24.52,14466300,TCB
2022-01-26,14.87,15.3,14.81,15.03,27716900,MBB
2022-01-27,62.99,63.66,62.17,63.28,530600,MWG
2022-01-28,18.71,19.71,18.64,19.55,15526500,TPB
2022-02-07,12.36,12.58,12.2,12.52,12971600,SHB
2022-02-08,64.43,65.83,64.43,65.59,1450000,MWG
2022-02-09,47.03,47.03,46.47,46.52,1142700,FPT
2022-02-10,17.85,18.8,17.85,18.55,30747500,POW
2022-02-11,35.95,35.95,34.6,34.6,7741700,VRE
2022-02-14,47.58,48.55,47.23,47.58,682400,BVH
2022-02-15,30.94,31.41,30.94,31.17,828900,GVR
2022-02-16,16.27,16.27,15.95,16.04,5099500,ACB
2022-02-17,18.83,19.18,18.78,19.18,3081100,TPB
2022-02-18,31.55,31.69,31.27,31.41,1587500,GVR
2022-02-21,50.3,50.48,49.86,50.21,625700,BVH
2022-02-22,55.73,55.79,54.44,55.12,3000600,PDR
2022-02-23,47.49,48.16,47.49,47.7,973800,FPT
2022-02-24,15.58,15.61,14.79,15.21,14817600,HDB
2022-02-25,32.35,33.07,32.27,32.31,2347500,BID
2022-02-28,11.85,11.87,11.74,11.74,5275500,SHB
2022-03-01,22.26,22.44,22.0,22.17,16869400,VPB
2022-03-02,52.41,53.02,51.8,51.8,1103800,BVH
2022-03-03,131.28,134.01,129.62,131.61,752900,MSN
2022-03-04,11.55,11.79,11.49,11.57,6219500,SHB
2022-03-07,84.16,84.16,82.15,83.56,2264100,GAS
2022-03-08,51.09,52.23,51.09,51.27,647600,BVH
2022-03-09,14.42,14.53,14.26,14.26,4310900,HDB
2022-03-10,77.0,79.5,76.4,77.0,5405900,NVL
2022-03-11,48.47,48.52,47.54,47.8,1139000,FPT
2022-03-14,47.7,47.7,46.41,47.08,1943000,FPT
2022-03-15,78.0,78.6,77.0,78.3,2733900,VIC
2022-03-16,26.89,27.03,26.49,26.49,11418800,HPG
2022-03-17,30.61,32.09,29.74,31.55,5819900,BID
2022-03-18,17.39,17.45,17.29,17.41,621300,VIB
2022-03-21,52.29,55.79,52.11,55.79,6146600,PDR
2022-03-22,15.48,15.66,15.48,15.62,3324000,ACB
2022-03-23,49.86,50.04,49.16,49.16,1522600,PLX
2022-03-24,77.05,77.12,75.04,75.31,596000,GAS
2022-03-25,32.8,32.95,32.6,32.7,2087800,VRE
2022-03-28,15.34,15.38,15.15,15.17,4875800,ACB
2022-03-29,32.1,32.35,31.75,32.3,12694700,STB
2022-03-30,32.06,32.53,31.59,31.64,1489600,GVR
2022-03-31,60.69,64.52,60.53,64.44,9645800,VNM
2022-04-01,140.5,141.0,136.5,140.9,665600,VJC
2022-04-04,140.9,143.5,139.0,142.9,988900,VJC
2022-04-05,31.55,31.77,31.3,31.4,2905000,BID
2022-04-06,18.97,19.29,18.74,19.18,6695600,TPB
2022-04-07,80.2,80.3,77.6,79.5,3704800,VIC
2022-04-08,16.65,16.75,16.2,16.2,8847800,POW
2022-04-12,14.92,14.95,14.58,14.69,3126000,HDB
2022-04-13,53.55,55.83,52.23,55.57,1698200,BVH
2022-04-14,10.73,10.92,10.65,10.65,6332900,SHB
2022-04-15,60.93,61.81,60.53,60.93,1362400,VNM
2022-04-18,68.11,68.79,66.17,67.82,5668700,VHM
2022-04-19,82.5,82.8,81.6,82.0,3030000,NVL
2022-04-20,27.52,28.14,27.45,27.52,1458300,BID
2022-04-21,45.12,45.39,43.98,44.16,2002500,PLX
2022-04-22,57.7,58.41,54.36,56.98,5708900,FPT
2022-04-25,55.31,55.75,51.44,51.44,2724200,BVH
2022-04-26,62.88,70.5,62.88,70.38,440300,SAB
2022-04-27,77.5,78.0,75.0,78.0,2793500,VIC
2022-04-28,68.76,69.55,67.96,68.71,43700,SAB
2022-04-29,14.54,15.34,14.42,15.34,4640900,ACB
2022-05-04,82.0,82.3,80.0,80.5,3050100,NVL
2022-05-05,113.17,118.13,112.57,118.13,933300,MSN
2022-05-06,81.0,81.0,79.8,80.8,3892300,NVL
2022-05-09,15.72,15.95,14.85,15.32,1298700,VIB
2022-05-10,22.55,23.9,22.55,23.9,18391700,STB
2022-05-11,19.56,19.91,19.12,19.62,7613600,VPB
2022-05-12,126.5,126.6,121.5,124.8,633600,VJC
2022-05-13,64.67,65.01,60.2,60.2,2746800,MWG
2022-05-16,45.65,47.41,42.05,42.05,1700500,BVH
2022-05-17,75.0,78.3,74.1,78.3,2759700,NVL
2022-05-18,23.57,24.19,23.35,23.61,6426500,CTG
2022-05-19,12.2,13.0,12.2,12.8,12282900,POW
2022-05-20,12.95,13.2,12.7,12.8,10580000,POW
2022-05-23,125.3,125.5,122.3,125.0,648900,VJC
2022-05-24,77.0,77.6,76.4,77.6,1568300,VIC
2022-05-25,64.13,64.8,63.76,64.13,196200,SAB
2022-05-26,53.95,54.93,53.65,54.16,1426400,FPT
2022-05-27,47.14,47.58,46.79,47.05,1158300,BVH
2022-05-30,18.47,18.56,18.24,18.56,11854000,VPB
2022-05-31,23.79,23.79,23.27,23.55,2363300,GVR
2022-06-01,78.0,78.3,77.4,78.0,2440800,NVL
2022-06-02,14.91,14.91,14.54,14.91,3017400,TPB
2022-06-03,24.32,24.5,23.84,24.32,2219500,CTG
2022-06-06,13.31,13.6,13.21,13.36,1590300,HDB
2022-06-07,13.8,14.75,13.7,14.75,38045400,POW
2022-06-08,13.47,13.87,13.23,13.71,2656600,HDB
2022-06-09,117.63,119.12,117.24,117.63,711400,MSN
2022-06-10,65.38,65.92,65.17,65.67,76800,SAB
2022-06-13,17.54,17.87,17.17,17.17,20886700,SSI
2022-06-14,12.73,13.36,12.73,13.15,2729000,HDB
2022-06-15,41.74,41.91,40.49,40.82,2141900,PDR
2022-06-16,124.3,127.5,123.4,125.4,678700,VJC
2022-06-17,28.8,29.85,28.5,29.35,2350300,VRE
2022-06-20,22.99,23.06,21.4,21.4,972600,BID
2022-06-21,63.92,65.8,62.05,64.55,182900,SAB
2022-06-22,73.24,73.24,67.04,67.62,3815800,MWG
2022-06-23,20.15,21.7,20.15,21.3,15465200,STB
2022-06-24,21.3,21.8,21.05,21.2,11596900,STB
2022-06-27,7.37,7.48,7.35,7.4,3735300,SHB
2022-06-28,21.78,22.25,21.68,21.97,874500,GVR
2022-06-29,48.81,49.25,48.02,48.28,1006400,BVH
2022-06-30,76.0,76.0,74.4,74.5,1597500,NVL
2022-07-01,12.65,12.86,12.3,12.72,898800,TPB
2022-07-04,46.97,47.58,46.97,47.14,591100,BVH
2022-07-05,14.33,14.42,14.22,14.33,2991000,ACB
2022-07-06,52.23,53.35,51.86,51.86,2232400,FPT
2022-07-07,22.99,23.79,22.9,23.35,3333500,CTG
2022-07-08,11.42,11.42,11.26,11.31,5547300,MBB
2022-07-11,19.96,20.1,19.49,19.58,876600,GVR
2022-07-12,22.64,23.08,22.55,22.81,3615500,CTG
2022-07-13,22.86,23.92,22.86,23.57,3868900,CTG
2022-07-14,59.58,60.33,59.5,59.67,982300,VNM
2022-07-15,26.0,26.3,25.65,26.2,1215800,VRE
2022-07-18,63.84,64.22,63.8,64.22,12000,SAB
2022-07-19,17.04,17.12,16.74,16.78,16276900,HPG
2022-07-20,12.57,12.65,12.49,12.6,1318300,HDB
2022-07-21,7.97,8.1,7.92,7.94,11236500,SHB
2022-07-22,13.5,14.03,13.34,13.9,4380500,VIB
2022-07-25,13.79,13.79,13.53,13.66,1358300,VIB
2022-07-26,25.97,26.11,25.75,25.78,885800,BID
2022-07-27,66.2,66.8,66.0,66.5,581400,VIC
2022-07-28,59.75,60.0,59.58,59.83,1219400,VNM
2022-07-29,12.86,12.86,12.4,12.4,3021600,TPB
2022-08-01,24.5,25.6,24.5,25.2,16701100,STB
2022-08-02,28.0,28.29,27.71,27.92,1951800,BID
2022-08-03,60.06,60.25,59.38,59.87,2660300,MWG
2022-08-04,12.16,12.28,12.1,12.16,11190600,MBB
2022-08-05,13.47,13.61,13.28,13.42,1921300,TPB
2022-08-08,59.75,59.75,59.42,59.5,2795800,VNM
2022-08-09,37.57,37.97,36.91,36.96,1639000,PLX
2022-08-10,13.29,13.31,13.15,13.23,1973800,HDB
2022-08-11,59.83,59.83,58.27,58.6,3884600,VNM
2022-08-12,61.4,61.5,61.1,61.2,1423400,VHM
2022-08-15,46.11,46.28,45.94,45.99,1259500,VCB
2022-08-16,36.78,37.97,36.78,37.97,2545400,PLX
2022-08-17,18.64,18.67,18.29,18.41,27443900,HPG
2022-08-18,14.18,14.21,14.0,14.16,5013300,HDB
2022-08-19,54.65,54.96,53.53,53.97,1957600,FPT
2022-08-22,45.04,45.83,44.98,44.98,525800,VCB
2022-08-23,13.65,13.9,13.6,13.9,9776000,POW
2022-08-24,65.2,65.8,64.9,64.9,787500,VIC
2022-08-25,25.17,25.48,24.95,25.48,4170600,CTG
2022-08-26,23.83,23.83,23.27,23.74,1739300,GVR
2022-08-29,62.72,62.88,62.14,62.22,3311500,VNM
2022-08-30,18.44,18.8,18.33,18.42,9111400,VPB
2022-08-31,62.55,62.96,62.22,62.22,1657100,VNM
2022-09-05,14.0,14.25,14.0,14.0,10861000,POW
2022-09-06,37.13,37.13,36.43,36.43,1498300,PLX
2022-09-07,61.0,61.1,59.5,59.5,1847100,VHM
2022-09-08,17.58,17.76,17.35,17.5,20365500,HPG
2022-09-09,44.14,44.59,43.97,44.31,1029200,VCB
2022-09-12,17.79,17.86,17.69,17.71,1293998,TCB
2022-09-13,17.67,17.76,17.62,17.62,1689037,TCB
2022-09-14,13.9,14.4,13.9,14.15,21305200,POW
2022-09-15,12.36,12.36,12.2,12.2,687963,VIB
2022-09-16,42.83,44.76,42.08,44.76,2248279,PDR
2022-09-19,11.75,11.81,11.38,11.38,8321471,MBB
2022-09-20,75.78,75.78,74.05,75.16,404167,GAS
2022-09-21,28.65,28.85,28.3,28.6,494100,VRE
2022-09-22,11.46,11.94,11.43,11.94,1413031,VIB
2022-09-23,76.74,78.88,76.47,77.5,362373,GAS
2022-09-26,56.5,57.0,55.2,55.9,2734600,VHM
2022-09-27,55.9,55.9,54.1,54.1,1239500,VHM
2022-09-28,24.44,24.59,24.19,24.3,778570,BID
2022-09-29,42.25,42.83,42.16,42.5,1746447,PDR
2022-09-30,48.38,50.76,48.31,50.58,2115328,FPT
2022-10-03,84.0,85.0,81.0,82.0,2370445,NVL
2022-10-04,13.84,13.99,12.89,13.04,15617899,SSI
2022-10-05,43.63,44.95,43.19,44.42,978721,BVH
2022-10-06,59.8,62.0,58.1,60.1,1013462,VIC
2022-10-07,17.6,17.6,16.75,16.75,40977757,STB
2022-10-10,20.42,22.08,20.31,21.76,1002148,BID
2022-10-11,43.89,43.89,41.26,41.26,1190045,BVH
2022-10-12,17.75,18.78,17.67,18.78,4724107,CTG
2022-10-13,9.29,9.51,9.21,9.43,6818219,MBB
2022-10-14,14.54,14.54,14.1,14.23,8935553,VPB
2022-10-17,57.74,57.74,55.99,57.06,2675521,MWG
2022-10-18,9.72,9.86,9.45,9.51,9565685,MBB
2022-10-19,50.4,50.5,49.05,50.0,1241367,VHM
2022-10-20,47.62,49.32,47.31,48.88,1733758,FPT
2022-10-21,29.58,29.58,27.65,27.65,1846194,PLX
2022-10-24,14.39,14.59,13.48,13.48,1695191,GVR
2022-10-25,5.42,5.72,5.23,5.72,14199828,SHB
2022-10-26,46.81,46.81,45.68,46.37,626989,FPT
2022-10-27,13.66,14.58,13.26,14.58,20962042,VPB
2022-10-28,73.5,74.0,72.0,72.5,1546560,NVL
2022-10-31,9.59,9.7,9.21,9.59,12203014,MBB
2022-11-01,24.55,26.3,24.55,26.25,2024204,VRE
2022-11-02,11.36,11.89,11.36,11.63,40136638,HPG
2022-11-03,46.81,47.56,46.3,46.55,624173,FPT
2022-11-04,46.49,46.49,44.92,45.8,1649525,FPT
2022-11-07,10.37,10.37,9.48,9.48,4889468,HDB
2022-11-08,52.2,53.3,49.7,53.3,2478285,VIC
2022-11-09,26.36,26.63,25.99,26.45,666758,PLX
2022-11-10,87.0,87.1,81.0,81.0,1016139,MSN
2022-11-11,41.05,42.45,41.05,42.45,1315047,VCB
2022-11-14,20.6,21.62,20.2,21.22,9037448,CTG
2022-11-15,65.11,65.44,63.05,63.46,2090963,VNM
2022-11-16,9.6,10.88,9.56,10.88,27004983,SSI
2022-11-17,12.19,12.52,12.19,12.34,4307090,ACB
2022-11-18,9.6,9.74,9.39,9.6,2041765,TPB
2022-11-21,75.79,76.63,74.96,76.04,73479,SAB
2022-11-22,11.65,12.45,11.65,11.98,29659808,SSI
2022-11-23,41.05,41.33,40.71,41.33,794699,VCB
2022-11-24,91.5,91.5,88.0,89.0,1044120,MSN
2022-11-25,10.75,10.85,10.55,10.85,7833989,POW
2022-11-28,19.1,19.75,19.05,19.7,28236864,STB
2022-11-29,13.77,13.77,12.96,13.58,3885836,GVR
2022-11-30,27.09,27.22,26.58,27.0,966594,PLX
2022-12-01,77.15,77.15,72.33,73.37,514796,GAS
2022-12-02,103.0,106.5,102.9,106.5,769070,VJC
2022-12-05,45.49,47.27,45.49,47.27,1576683,BVH
2022-12-06,106.8,107.7,105.5,106.0,682637,VJC
2022-12-07,75.43,76.81,73.57,73.57,336963,GAS
2022-12-08,11.1,11.35,11.0,11.2,7988680,POW
2022-12-09,44.56,45.14,43.93,44.75,1676448,MWG
2022-12-12,6.67,6.98,6.55,6.55,33165354,SHB
2022-12-13,11.2,11.4,11.0,11.4,6696310,POW
2022-12-14,98.5,98.5,95.1,96.0,1028712,MSN
2022-12-15,97.0,99.0,95.1,98.2,687941,MSN
2022-12-16,45.29,46.45,44.46,46.35,3004841,MWG
2022-12-19,15.02,16.0,14.91,15.02,41736057,SSI
2022-12-20,48.2,48.6,46.3,48.2,3291761,VHM
2022-12-21,65.68,66.42,65.52,65.68,2306984,VNM
2022-12-22,23.75,24.15,23.1,23.4,17471744,STB
2022-12-23,74.74,74.78,73.94,73.94,75318,SAB
2022-12-26,44.53,45.43,44.36,44.36,1204231,VCB
2022-12-27,10.83,10.9,10.7,10.8,2154339,HDB
2022-12-28,9.81,10.0,9.62,9.97,2828431,TPB
2022-12-29,47.6,48.5,47.4,47.8,1259021,VHM
2022-12-30,13.34,13.53,13.2,13.24,576466,GVR
2023-01-03,10.63,10.9,10.5,10.9,947549,HDB
2023-01-04,112.5,112.5,109.0,110.4,195324,VJC
2023-01-05,14.0,14.25,13.5,13.7,13926296,NVL
2023-01-06,99.5,99.5,95.0,95.8,541785,MSN
2023-01-09,16.92,17.0,16.56,16.61,18734060,VPB
2023-01-10,11.6,11.75,11.35,11.7,6064180,POW
2023-01-11,25.25,25.4,24.7,24.7,10081984,STB
2023-01-12,11.03,11.16,10.96,10.96,752807,HDB
2023-01-13,30.17,30.61,30.17,30.32,1632087,BID
2023-01-16,12.0,12.0,11.75,11.85,4541290,POW
2023-01-17,14.68,15.11,14.68,15.11,3920425,GVR
2023-01-18,34.13,34.87,34.13,34.77,630001,PLX
2023-01-19,112.0,115.0,112.0,114.5,541272,VJC
2023-01-27,114.5,118.0,114.5,116.2,230624,VJC
2023-01-30,11.54,11.84,11.25,11.46,6444447,PDR
2023-01-31,47.27,47.27,46.43,47.17,669450,BVH
2023-02-01,52.77,52.77,51.39,51.52,1051061,FPT
2023-02-02,45.48,48.34,44.85,48.34,4862781,MWG
2023-02-03,14.66,14.8,14.3,14.36,9534382,ACB
2023-02-06,11.38,11.63,11.21,11.5,4184420,PDR
2023-02-07,14.72,14.91,13.95,13.95,17392430,SSI
2023-02-08,14.96,15.98,14.96,15.79,33822546,HPG
2023-02-09,63.59,63.76,62.92,62.92,1594747,VNM
2023-02-10,26.1,26.45,25.83,25.83,2104800,CTG
2023-02-13,23.8,24.5,23.35,24.5,17394511,STB
2023-02-14,11.34,11.53,11.25,11.36,1270693,VIB
2023-02-15,15.61,15.95,15.34,15.76,20082870,HPG
2023-02-16,6.3,6.33,6.22,6.3,6450924,SHB
2023-02-17,46.89,47.92,46.75,47.17,761689,BVH
2023-02-20,35.05,36.06,35.05,36.06,696303,PLX
2023-02-21,6.61,6.64,6.45,6.45,12479030,SHB
2023-02-22,53.5,53.6,52.4,53.0,2558497,VIC
2023-02-23,52.29,52.85,51.28,52.46,1026332,VCB
2023-02-24,32.67,33.04,32.2,32.35,498530,BID
2023-02-27,52.29,52.57,51.56,52.18,501731,VCB
2023-02-28,13.53,13.72,13.29,13.39,899140,GVR
2023-03-01,24.28,25.08,24.06,25.08,2169846,CTG
2023-03-02,80.4,81.3,79.0,79.0,540657,MSN
2023-03-03,10.6,10.6,10.15,10.35,7122034,NVL
2023-03-06,33.29,34.09,32.86,33.22,865699,BID
2023-03-07,9.43,9.53,9.4,9.43,6176635,MBB
2023-03-08,25.3,26.19,25.26,26.1,3417493,CTG
2023-03-09,12.22,12.35,12.02,12.22,1198990,HDB
2023-03-10,11.61,11.7,11.48,11.61,2338131,VIB
2023-03-13,25.43,26.1,25.39,26.01,1860183,CTG
2023-03-14,44.2,45.35,44.1,44.75,2839940,VHM
2023-03-15,26.01,26.28,25.79,26.19,2798722,CTG
2023-03-16,33.4,34.02,33.4,33.54,876442,BID
2023-03-17,11.35,11.5,11.15,11.5,18244961,NVL
2023-03-20,44.1,44.1,42.55,42.55,2168118,VHM
2023-03-21,11.59,11.59,11.31,11.5,2880076,VIB
2023-03-22,11.69,11.75,11.49,11.65,3367033,HDB
2023-03-23,104.5,106.0,102.6,105.7,263540,VJC
2023-03-24,33.29,33.58,33.0,33.04,365179,BID
2023-03-27,50.04,51.17,49.48,51.17,730499,VCB
2023-03-28,33.73,33.94,33.36,33.36,505224,BID
2023-03-29,71.44,71.44,70.68,70.82,99384,GAS
2023-03-30,25.7,26.45,25.4,26.0,39398454,STB
2023-03-31,13.1,13.35,13.05,13.2,6203033,POW
2023-04-03,16.11,16.22,16.04,16.11,31841539,SSI
2023-04-04,12.06,12.36,12.0,12.25,7572341,VIB
2023-04-05,18.77,18.9,18.63,18.68,11995242,VPB
2023-04-06,14.89,14.92,14.6,14.6,4333371,ACB
2023-04-07,11.29,11.34,11.0,11.29,5946111,PDR
2023-04-10,11.46,11.54,11.04,11.04,8924926,PDR
2023-04-11,45.58,46.0,45.44,46.0,155640,BVH
2023-04-12,53.3,53.5,52.6,53.1,3647130,VIC
2023-04-13,53.1,53.5,52.7,53.0,1921142,VIC
2023-04-14,14.69,14.71,14.57,14.63,5022906,ACB
2023-04-17,12.0,12.0,11.79,11.89,1630746,TPB
2023-04-18,18.02,18.11,17.71,17.84,10606836,VPB
2023-04-19,33.81,33.81,33.31,33.31,324936,PLX
2023-04-20,11.56,11.69,11.51,11.58,952156,TPB
2023-04-21,12.68,12.68,12.41,12.41,1674762,HDB
2023-04-24,25.65,25.9,25.45,25.55,7660158,STB
2023-04-25,52.8,52.8,51.8,52.5,2717851,VIC
2023-04-26,72.62,72.84,72.54,72.62,177595,SAB
2023-04-27,31.98,31.98,31.55,31.84,163564,BID
2023-04-28,50.61,50.89,49.93,50.89,705032,VCB
2023-05-04,13.94,13.94,13.65,13.72,1918703,TCB
2023-05-05,31.77,31.8,31.51,31.51,297140,BID
2023-05-08,12.61,12.81,12.58,12.68,2454913,HDB
2023-05-09,15.64,15.83,15.5,15.5,3003650,GVR
2023-05-10,32.86,32.86,32.27,32.64,595636,BID
2023-05-11,11.74,11.83,11.63,11.66,3479517,VIB
2023-05-12,17.45,17.49,17.23,17.4,7523741,VPB
2023-05-15,74.4,75.2,74.1,74.1,719148,MSN
2023-05-16,27.0,27.55,27.0,27.4,13151264,STB
2023-05-17,12.88,12.94,12.84,12.94,1870013,HDB
2023-05-18,10.05,10.1,9.99,10.08,6662505,MBB
2023-05-19,14.69,14.69,14.51,14.63,4008117,ACB
2023-05-22,28.0,28.15,27.85,27.9,4432352,VRE
2023-05-23,13.35,13.45,13.1,13.2,15473646,NVL
2023-05-24,13.35,13.65,13.25,13.25,18893331,NVL
2023-05-25,51.02,52.4,50.89,52.27,1343692,FPT
2023-05-26,14.12,14.15,14.01,14.12,1795228,TCB
2023-05-29,27.4,27.7,27.3,27.7,9984660,STB
2023-05-30,64.62,64.75,63.93,64.0,586864,GAS
2023-05-31,27.7,27.9,27.55,27.7,15063162,STB
2023-06-01,27.65,28.0,27.65,28.0,8842897,STB
2023-06-02,14.55,15.21,14.5,15.21,13801388,TCB
2023-06-05,98.0,99.0,96.4,96.8,604404,VJC
2023-06-06,28.05,28.3,27.75,28.3,17185224,STB
2023-06-07,7.79,7.86,7.64,7.67,40771306,SHB
2023-06-08,13.85,14.2,13.75,13.8,15150989,POW
2023-06-09,10.89,10.97,10.83,10.97,10361331,MBB
2023-06-12,25.21,25.26,24.72,25.21,5635970,CTG
2023-06-13,31.69,32.27,31.66,32.17,1329246,BID
2023-06-14,18.68,19.19,18.57,18.61,25257930,SSI
2023-06-15,27.8,27.9,27.6,27.8,11050483,STB
2023-06-16,66.96,67.1,65.79,65.79,590070,GAS
2023-06-19,31.77,31.8,31.4,31.4,796594,BID
2023-06-20,67.22,67.22,66.54,66.58,98003,SAB
2023-06-21,17.18,17.31,17.09,17.31,8113440,VPB
2023-06-22,14.68,14.93,14.47,14.51,12887569,PDR
2023-06-23,17.36,17.97,17.31,17.8,42330144,VPB
2023-06-26,19.24,19.32,18.71,19.09,20413189,HPG
2023-06-27,66.61,66.82,66.13,66.34,510946,GAS
2023-06-28,15.35,15.85,15.15,15.6,70794178,NVL
2023-06-29,27.2,27.6,27.0,27.0,5476170,VRE
2023-06-30,13.55,13.6,13.35,13.4,6926326,POW
2023-07-03,13.14,13.14,12.99,13.07,2904706,TPB
2023-07-04,15.12,15.16,15.05,15.12,4327609,TCB
2023-07-05,42.17,42.21,41.93,41.93,533849,BVH
2023-07-06,54.67,54.96,54.09,54.52,1522489,FPT
2023-07-07,14.05,14.47,13.84,14.47,9043393,PDR
2023-07-10,64.78,64.87,64.31,64.44,198740,SAB
2023-07-11,38.43,38.48,37.75,37.75,1677648,PLX
2023-07-12,13.35,13.4,13.15,13.25,4832463,POW
2023-07-13,21.51,21.7,21.32,21.62,16160710,SSI
2023-07-14,56.21,57.23,55.62,57.23,2826852,FPT
2023-07-17,15.48,15.48,15.37,15.44,6536400,ACB
2023-07-18,13.14,13.64,13.1,13.64,24821321,TPB
2023-07-19,21.77,22.0,21.66,21.7,10050455,SSI
2023-07-20,59.32,59.83,58.25,59.04,772446,VCB
2023-07-21,18.46,18.9,18.33,18.86,28610093,VPB
2023-07-24,28.75,28.9,28.45,28.7,17380377,STB
2023-07-25,28.4,29.35,28.15,29.0,8778703,VRE
2023-07-26,13.77,13.77,13.65,13.77,2967076,HDB
2023-07-27,13.6,13.65,13.3,13.3,12302951,POW
2023-07-28,52.71,53.69,52.03,53.3,3873654,MWG
2023-07-31,26.54,26.63,26.28,26.63,5768191,CTG
2023-08-01,68.21,68.6,67.74,67.91,132722,SAB
2023-08-02,29.05,29.2,28.8,28.9,4973565,VRE
2023-08-03,16.06,16.08,15.83,15.83,4172633,TCB
2023-08-04,16.56,17.12,16.32,17.12,18679690,ACB
2023-08-07,59.83,60.3,59.77,60.3,1112919,VCB
2023-08-08,102.0,103.4,100.7,103.0,810708,VJC
2023-08-09,103.3,103.5,101.5,101.6,649938,VJC
2023-08-10,66.3,68.4,66.1,67.9,7903503,VIC
2023-08-11,51.05,52.13,49.88,52.13,6320880,MWG
2023-08-14,19.3,19.38,19.21,19.34,11669670,VPB
2023-08-15,19.34,19.38,19.08,19.38,18409846,VPB
2023-08-16,19.3,19.91,19.08,19.74,39592573,VPB
2023-08-17,81.8,82.8,81.4,82.1,1886174,MSN
2023-08-18,32.1,32.45,30.3,31.3,45154762,STB
2023-08-21,62.78,63.37,62.49,62.78,2461231,FPT
2023-08-22,18.55,18.9,17.3,18.5,45892652,NVL
2023-08-23,97.3,98.5,96.0,96.5,878648,VJC
2023-08-24,13.32,13.61,13.21,13.53,10071220,TPB
2023-08-25,15.92,15.99,15.78,15.9,3638646,TCB
2023-08-28,49.78,50.76,49.29,50.56,8497280,MWG
2023-08-29,81.2,81.4,79.8,80.0,1729018,MSN
2023-08-30,42.12,42.31,41.98,42.17,453639,BVH
2023-08-31,70.88,71.02,70.38,70.38,574050,GAS
2023-09-05,68.04,69.78,67.7,69.43,6845824,VNM
2023-09-06,16.56,16.7,16.46,16.63,4654739,TCB
2023-09-07,13.1,13.15,12.9,12.9,8437669,POW
2023-09-08,9.42,9.45,9.34,9.34,20592932,SHB
2023-09-11,69.28,72.84,69.28,71.81,846090,SAB
2023-09-12,53.3,54.57,52.81,54.57,4796329,MWG
2023-09-13,101.9,101.9,99.0,99.0,980419,VJC
2023-09-14,52.1,52.3,49.0,49.0,11648373,VHM
2023-09-15,16.58,16.77,16.49,16.49,4525539,TCB
2023-09-18,18.9,18.9,18.05,18.15,28342049,NVL
2023-09-19,13.53,13.75,13.5,13.71,6067311,TPB
2023-09-20,78.52,78.52,77.37,77.8,428934,GAS
2023-09-21,37.25,37.43,36.88,37.06,972954,PLX
2023-09-22,11.97,12.01,11.69,11.94,18978758,MBB
2023-09-25,32.8,33.15,31.4,31.65,25664615,STB
2023-09-26,13.85,14.01,13.69,13.93,9386578,HDB
2023-09-27,18.06,18.5,17.89,18.5,12677623,VPB
2023-09-28,8.17,8.2,7.98,8.06,13805486,SHB
2023-09-29,45.0,47.5,45.0,45.5,7293367,VHM
2023-10-02,99.3,99.4,97.2,98.5,1381213,VJC
2023-10-03,57.44,57.58,56.98,57.31,884115,VCB
2023-10-04,25.48,25.83,25.39,25.66,3078173,CTG
2023-10-05,24.29,24.67,23.98,24.1,22269067,SSI
2023-10-06,32.5,33.06,31.99,32.59,2194708,PLX
2023-10-09,18.9,19.39,18.9,19.32,11439444,HPG
2023-10-10,56.18,57.24,56.18,57.18,735970,VCB
2023-10-11,11.65,11.65,11.35,11.5,3944967,POW
2023-10-12,46.0,47.3,45.8,46.5,7717107,VIC
2023-10-13,11.25,11.45,11.2,11.4,4777177,POW
2023-10-16,11.78,11.78,11.62,11.62,5466387,MBB
2023-10-17,45.0,45.15,44.0,44.0,4849933,VIC
2023-10-18,11.25,11.3,10.9,11.25,6953922,POW
2023-10-19,32.64,33.2,32.5,32.59,593520,PLX
2023-10-20,12.39,12.59,12.32,12.49,4007400,VIB
2023-10-23,71.35,71.35,68.87,69.04,467637,GAS
2023-10-24,29.12,30.06,29.12,29.95,916214,BID
2023-10-25,12.09,12.17,11.95,12.06,4186043,TPB
2023-10-26,29.01,29.66,28.29,29.41,1976533,BID
2023-10-27,15.05,15.23,14.88,15.12,3182928,ACB
2023-10-30,40.2,40.83,39.61,39.61,4252683,MWG
2023-10-31,23.3,23.7,22.2,22.2,5813514,VRE
2023-11-01,13.77,13.81,13.65,13.81,7257849,HDB
2023-11-02,12.36,12.66,12.25,12.63,3080618,VIB
2023-11-03,25.21,25.26,24.86,24.86,3561109,CTG
2023-11-06,60.85,61.98,60.76,61.54,1138171,VNM
2023-11-07,8.09,8.13,7.98,7.98,13524483,SHB
2023-11-08,65.22,68.47,65.07,68.47,2947501,FPT
2023-11-09,62.06,62.5,61.28,61.28,3421983,VNM
2023-11-10,62.0,63.4,61.7,61.7,1582524,MSN
2023-11-13,8.2,8.31,8.06,8.13,12022782,SHB
2023-11-14,59.81,60.16,59.12,59.72,3000746,VNM
2023-11-15,24.97,24.97,24.29,24.32,26914210,SSI
2023-11-16,22.0,22.92,21.75,22.92,16929588,PDR
2023-11-17,14.97,15.09,14.5,14.71,5084109,TCB
2023-11-20,39.27,40.73,39.27,39.66,7561129,MWG
2023-11-21,31.48,31.61,31.2,31.48,911136,PLX
2023-11-22,26.19,26.37,26.06,26.28,1850800,CTG
2023-11-23,15.93,15.97,15.58,15.58,5185123,ACB
2023-11-24,23.79,24.36,23.37,24.36,24688304,SSI
2023-11-27,20.08,20.26,19.85,19.92,16731713,HPG
2023-11-28,55.31,55.65,54.36,55.65,497673,SAB
2023-11-29,17.5,18.25,17.5,18.1,35239618,NVL
2023-11-30,23.1,23.2,22.1,22.1,3944105,VRE
2023-12-01,13.98,14.1,13.86,14.05,2696825,TCB
2023-12-04,33.24,33.34,32.78,33.06,935439,PLX
2023-12-05,15.65,15.76,15.48,15.55,3560224,ACB
2023-12-06,13.07,13.14,13.0,13.07,4688081,VIB
2023-12-07,32.98,33.51,32.69,33.18,1956881,BID
2023-12-08,39.9,42.05,39.51,41.66,16810802,MWG
2023-12-11,67.33,67.33,66.64,67.07,695214,GAS
2023-12-12,60.68,60.76,59.81,60.16,2791599,VNM
2023-12-13,66.98,66.98,65.79,65.87,1121325,GAS
2023-12-14,34.04,34.16,33.75,34.0,780657,BID
2023-12-15,43.7,43.95,43.05,43.7,6068694,VIC
2023-12-18,27.1,27.2,26.3,26.3,21732647,STB
2023-12-19,22.65,22.85,22.55,22.7,2629218,VRE
2023-12-20,14.31,14.43,14.24,14.34,1747233,TCB
2023-12-21,11.3,11.35,11.25,11.3,2089514,POW
2023-12-22,22.17,22.8,22.17,22.42,8472149,PDR
2023-12-25,41.42,42.74,41.42,41.71,8482228,MWG
2023-12-26,41.5,42.2,41.3,41.9,10397855,VHM
2023-12-27,108.1,108.1,107.5,107.9,1381274,VJC
2023-12-28,53.68,54.11,53.33,53.33,868844,SAB
2023-12-29,34.9,35.47,34.57,35.47,883671,BID
2024-01-02,55.05,55.52,54.59,55.45,1788420,VCB
2024-01-03,17.42,17.65,17.24,17.65,8222597,VPB
2024-01-04,65.1,66.3,65.1,65.7,1509345,GAS
2024-01-05,29.0,29.45,28.85,29.3,31294814,STB
2024-01-08,29.26,29.56,28.82,29.31,12118831,CTG
2024-01-09,65.79,65.96,65.01,65.01,893745,GAS
2024-01-10,12.81,13.39,12.78,13.32,24221574,TPB
2024-01-11,17.83,18.07,17.65,17.72,9941849,ACB
2024-01-12,16.65,16.75,16.05,16.3,28039515,NVL
2024-01-15,32.59,32.78,32.27,32.27,322356,PLX
2024-01-16,53.13,53.22,52.78,53.04,266902,SAB
2024-01-17,14.64,14.74,14.57,14.57,4950215,VIB
2024-01-18,16.69,16.73,16.57,16.65,5723534,HDB
2024-01-19,8.94,8.98,8.87,8.94,23410883,SHB
2024-01-22,14.81,14.92,14.64,14.78,4195704,VIB
2024-01-23,14.78,14.88,14.64,14.67,4132352,VIB
2024-01-24,14.67,14.74,14.57,14.6,2286152,VIB
2024-01-25,21.4,21.51,21.21,21.4,15234746,HPG
2024-01-26,39.02,39.16,39.02,39.16,140399,BVH
2024-01-29,9.12,9.2,9.05,9.05,21325556,SHB
2024-01-30,18.16,18.35,18.16,18.21,6807087,VPB
2024-01-31,105.6,105.8,103.6,104.6,644993,VJC
2024-02-01,21.93,23.4,21.93,23.4,5951322,GVR
2024-02-02,12.89,12.92,12.6,12.6,9175641,TPB
2024-02-05,17.0,17.1,16.75,17.0,13416819,NVL
2024-02-06,105.5,105.5,104.5,104.5,617672,VJC
2024-02-07,41.05,41.85,41.0,41.8,3770219,VHM
2024-02-15,42.5,42.8,42.2,42.55,1937352,VIC
2024-02-16,59.21,61.39,58.94,61.13,11120422,VNM
2024-02-19,18.35,18.44,18.16,18.3,11051556,VPB
2024-02-20,45.92,45.92,44.99,45.77,7874063,MWG
2024-02-21,18.85,19.01,18.57,18.81,6165942,HDB
2024-02-22,14.04,14.22,13.82,14.07,15647874,TPB
2024-02-23,15.76,15.93,15.34,15.41,14812104,VIB
2024-02-26,34.92,35.56,34.82,35.36,6399684,CTG
2024-02-27,21.89,23.07,21.82,22.99,86882418,HPG
2024-02-28,60.43,64.68,60.03,64.68,4227766,VCB
2024-02-29,65.41,66.74,64.62,64.62,1902870,VCB
2024-03-01,31.75,32.2,31.7,31.95,27194729,STB
2024-03-04,15.39,15.61,15.17,15.45,31971321,MBB
2024-03-05,31.75,31.95,31.55,31.9,12354778,STB
2024-03-06,28.47,28.78,27.94,28.25,27687766,SSI
2024-03-07,19.37,19.44,19.23,19.3,10171157,ACB
2024-03-08,46.0,46.0,44.8,44.8,3902115,VIC
2024-03-11,78.5,81.1,76.6,77.5,7107799,MSN
2024-03-12,11.6,11.65,11.5,11.5,5970594,POW
2024-03-13,8.31,8.54,8.31,8.5,14862621,SHB
2024-03-14,23.67,23.84,23.3,23.51,12328992,PDR
2024-03-15,16.45,16.8,16.4,16.5,19139610,NVL
2024-03-18,33.8,34.97,31.45,31.8,13921542,GVR
2024-03-19,33.13,33.53,32.69,33.03,7154001,CTG
2024-03-20,46.8,47.0,45.8,46.5,4699233,VIC
2024-03-21,8.42,8.5,8.35,8.42,21471698,SHB
2024-03-22,102.6,103.0,101.5,102.2,600034,VJC
2024-03-25,16.0,16.19,15.71,15.77,21232592,MBB
2024-03-26,47.0,47.2,46.6,47.05,3482260,VIC
2024-03-27,47.73,50.27,47.48,49.59,12745979,MWG
2024-03-28,18.16,18.3,18.02,18.16,14694999,VPB
2024-03-29,22.65,22.75,22.46,22.46,6406374,TCB
2024-04-01,18.12,18.26,17.98,18.16,11690407,VPB
2024-04-02,18.97,19.17,18.81,19.13,5776739,HDB
2024-04-03,102.6,103.2,100.9,102.2,871602,VJC
2024-04-04,16.49,16.6,16.25,16.25,7721306,VIB
2024-04-05,32.04,32.24,30.77,30.77,7356049,GVR
2024-04-08,22.31,22.58,22.2,22.42,16717695,HPG
2024-04-09,19.13,19.25,18.97,19.17,5819042,HDB
2024-04-10,26.94,27.1,26.39,26.44,7675821,PDR
2024-04-11,18.95,19.05,18.88,19.05,11290085,ACB
2024-04-12,19.09,19.65,18.95,19.65,9772642,ACB
2024-04-15,50.56,50.86,48.41,48.8,16511173,MWG
2024-04-16,18.81,18.93,18.41,18.81,7198387,HDB
2024-04-17,43.0,43.05,41.55,41.8,10864569,VHM
2024-04-19,22.59,23.05,21.83,21.92,16161325,PDR
2024-04-22,10.7,10.8,10.6,10.65,3806420,POW
2024-04-23,40.21,41.27,39.64,40.38,2275027,BID
2024-04-24,21.71,22.63,21.5,22.63,11884782,PDR
2024-04-25,40.66,41.11,40.29,40.54,1054622,BID
2024-04-26,90.95,92.73,90.36,91.1,3402188,FPT
2024-05-02,44.0,44.4,43.6,44.4,1598981,VIC
2024-05-03,14.43,14.56,14.24,14.31,11871296,MBB
2024-05-06,70.7,71.3,70.1,71.1,5108379,MSN
2024-05-07,14.85,14.85,14.45,14.6,28681750,NVL
2024-05-08,19.41,19.45,19.09,19.29,6260999,HDB
2024-05-09,14.43,14.56,14.27,14.46,15652336,MBB
2024-05-10,31.06,31.16,30.48,30.92,3562584,GVR
2024-05-13,13.65,13.75,13.55,13.75,13128209,NVL
2024-05-14,37.35,37.45,36.09,36.28,1950446,PLX
2024-05-15,22.3,22.4,22.15,22.35,5428903,VRE
2024-05-16,39.31,39.31,38.97,39.12,194095,BVH
2024-05-17,27.48,27.86,27.37,27.71,14819845,SSI
2024-05-20,59.36,59.8,58.74,58.74,4925028,VNM
2024-05-21,50.76,51.64,50.5,50.93,1172188,SAB
2024-05-22,33.02,33.16,31.84,32.04,5202951,GVR
2024-05-23,19.65,20.0,19.65,19.97,10454272,ACB
2024-05-24,11.55,11.65,11.25,11.35,13368961,POW
2024-05-27,98.35,98.72,96.57,98.2,5172903,FPT
2024-05-28,23.8,23.98,23.56,23.7,5049762,PDR
2024-05-29,14.55,14.55,14.15,14.15,15866701,NVL
2024-05-30,58.47,58.56,57.94,58.12,4416677,VNM
2024-05-31,12.8,12.85,12.55,12.6,11261859,POW
2024-06-03,24.0,24.25,24.0,24.17,20647812,HPG
2024-06-04,39.11,39.39,38.86,38.9,1116575,BID
2024-06-05,24.07,24.44,23.8,23.89,8709911,PDR
2024-06-06,45.3,45.88,44.58,44.58,917067,BVH
2024-06-07,44.87,45.44,44.05,44.49,829717,BVH
2024-06-10,44.82,45.16,44.34,44.39,1127462,BVH
2024-06-11,106.7,108.33,105.82,108.33,6340276,FPT
2024-06-12,32.98,33.38,32.59,33.23,7594905,CTG
2024-06-13,59.04,59.17,58.71,58.71,1603414,VCB
2024-06-14,20.64,20.8,20.55,20.55,11049165,ACB
2024-06-17,16.15,16.23,15.9,15.9,7550062,VIB
2024-06-18,14.05,14.9,14.0,14.9,36638846,POW
2024-06-19,18.16,18.69,17.91,18.5,51398314,VPB
2024-06-20,27.56,27.64,26.95,27.33,14280042,SSI
2024-06-21,24.46,24.46,24.17,24.21,14297102,HPG
2024-06-24,37.6,37.88,36.78,36.78,1954551,BID
2024-06-25,15.51,15.51,15.25,15.36,3239370,VIB
2024-06-26,26.3,26.38,25.58,26.19,11520430,SSI
2024-06-27,73.9,75.2,73.6,74.5,3766775,MSN
2024-06-28,14.75,15.0,14.45,14.9,11441734,POW
2024-07-01,22.04,22.22,21.85,22.22,1967441,PDR
2024-07-02,19.88,20.14,19.8,20.09,5701649,ACB
2024-07-03,37.6,38.58,37.23,38.58,4605235,BID
2024-07-04,58.84,59.57,58.44,58.44,3062719,VCB
2024-07-05,22.75,22.89,22.6,22.89,8380797,TCB
2024-07-08,34.53,35.65,34.29,35.65,6639629,GVR
2024-07-09,18.69,18.93,18.5,18.89,32015495,VPB
2024-07-10,67.84,68.27,67.24,67.24,1122444,GAS
2024-07-11,8.76,8.79,8.68,8.72,15985123,SHB
2024-07-12,41.7,42.8,41.65,41.75,3317424,VIC
2024-07-15,21.76,21.76,21.43,21.43,2250502,PDR
2024-07-16,20.05,20.3,20.01,20.14,7002765,ACB
2024-07-17,74.3,74.3,71.0,71.8,5877862,MSN
2024-07-18,37.25,37.45,36.7,37.45,6289033,VHM
2024-07-19,58.29,58.29,57.59,57.76,3396038,VNM
2024-07-22,45.28,45.28,43.98,44.85,2145989,PLX
2024-07-23,105.5,106.0,104.6,106.0,789656,VJC
2024-07-24,23.12,23.29,22.58,23.08,19254395,HPG
2024-07-25,40.84,41.7,40.41,41.42,689047,BVH
2024-07-26,57.97,58.24,57.91,57.97,904427,VCB
2024-07-29,41.51,41.75,41.37,41.56,325136,BVH
2024-07-30,17.91,18.2,17.82,18.06,12802742,VPB
2024-07-31,13.6,13.7,13.3,13.45,6437900,POW
2024-08-01,32.43,32.48,30.23,30.67,3736390,GVR
2024-08-02,14.86,15.22,14.75,15.22,4312789,VIB
2024-08-05,104.0,104.0,98.2,99.9,880900,VJC
2024-08-06,102.75,104.38,102.58,103.44,6748144,FPT
2024-08-07,12.84,13.02,12.58,12.61,13941183,TPB
2024-08-08,48.12,48.85,47.94,47.94,892690,SAB
2024-08-09,48.49,49.21,48.39,48.67,471196,SAB
2024-08-12,24.06,24.36,23.75,24.36,11077676,SSI
2024-08-13,36.35,36.65,35.85,36.35,7145900,VHM
2024-08-14,38.25,39.03,38.25,38.45,1705367,BID
2024-08-15,11.2,11.25,11.05,11.2,5296600,NVL
2024-08-16,13.1,13.55,13.1,13.45,7606900,POW
2024-08-19,29.5,29.7,29.35,29.65,5992100,STB
2024-08-20,48.67,49.64,47.85,47.85,2520231,PLX
2024-08-21,60.3,61.76,60.03,61.63,2751625,VCB
2024-08-22,114.74,115.17,114.31,114.57,3032995,FPT
2024-08-23,29.9,30.0,29.65,29.95,5876500,STB
2024-08-26,13.25,13.4,13.1,13.2,21515500,NVL
2024-08-27,51.48,52.12,51.48,51.75,693562,SAB
2024-08-28,77.0,77.9,76.8,77.1,4558700,MSN
2024-08-29,34.67,35.07,34.22,34.72,12535801,CTG
2024-08-30,20.6,20.72,20.6,20.72,4489249,ACB
2024-09-04,30.4,30.4,29.95,30.1,9433600,STB
2024-09-05,34.92,35.22,34.32,34.72,8508656,CTG
2024-09-06,7.99,8.03,7.91,7.95,12275788,SHB
2024-09-09,44.7,45.57,44.7,44.95,792019,PLX
2024-09-10,43.15,43.55,42.15,42.8,12930600,VHM
2024-09-11,111.31,112.43,111.14,111.83,3196732,FPT
2024-09-12,17.77,18.11,17.77,18.01,22643063,VPB
2024-09-13,13.46,13.5,13.35,13.43,6115159,TPB
2024-09-16,21.63,22.11,21.63,21.63,11598745,TCB
2024-09-17,20.18,20.47,20.14,20.47,4081633,ACB
2024-09-18,65.95,67.63,65.85,67.23,10681518,MWG
2024-09-19,21.08,21.25,21.0,21.04,13688336,HPG
2024-09-20,67.63,67.72,67.03,67.03,5019168,MWG
2024-09-23,11.4,11.4,11.2,11.25,4412500,NVL
2024-09-24,21.43,21.56,21.22,21.56,12786286,ACB
2024-09-25,40.62,41.19,40.33,40.87,5261327,BID
2024-09-26,104.7,105.1,104.2,105.1,938400,VJC
2024-09-27,52.93,53.39,52.57,53.12,794975,SAB
2024-09-30,66.54,67.13,65.95,67.13,5929874,MWG
2024-10-01,21.51,21.85,21.51,21.51,10417047,ACB
2024-10-02,19.25,19.35,19.1,19.15,5084600,VRE
2024-10-03,41.51,41.8,41.03,41.13,414459,BVH
2024-10-04,23.08,23.08,22.75,22.75,8692892,HDB
2024-10-07,62.88,63.43,61.42,61.42,5995180,VNM
2024-10-08,43.64,43.98,43.2,43.2,1701152,PLX
2024-10-09,16.51,16.74,16.48,16.71,14344549,MBB
2024-10-10,41.47,42.14,41.47,42.09,901761,BVH
2024-10-11,80.2,81.1,79.5,81.1,6900400,MSN
2024-10-14,19.54,19.72,19.26,19.35,5482048,PDR
2024-10-15,16.07,16.33,16.07,16.2,10965979,VIB
2024-10-16,80.8,82.3,80.0,80.4,8065600,MSN
2024-10-17,21.64,21.85,21.51,21.85,9200056,ACB
2024-10-18,35.1,36.45,34.7,35.55,32868800,STB
2024-10-21,35.81,36.06,35.22,35.22,8246187,CTG
2024-10-22,12.45,12.45,12.05,12.2,8762300,POW
2024-10-23,50.85,51.3,50.48,50.85,369549,SAB
2024-10-24,64.47,65.06,63.98,64.47,4643461,MWG
2024-10-25,40.45,40.49,40.11,40.2,476730,PLX
2024-10-28,40.2,40.64,39.43,40.64,771845,PLX
2024-10-29,22.33,22.62,22.25,22.54,15745226,HPG
2024-10-30,78.0,78.1,76.8,78.1,5638600,MSN
2024-10-31,16.32,16.45,16.19,16.35,6666646,MBB
2024-11-01,16.29,16.35,16.06,16.06,9321746,MBB
2024-11-04,74.5,74.7,73.1,73.2,8323700,MSN
2024-11-05,73.2,73.7,73.0,73.1,4967700,MSN
2024-11-06,10.35,10.5,10.3,10.4,2867700,NVL
2024-11-07,115.85,117.82,114.91,115.68,3579749,FPT
2024-11-08,50.57,50.76,50.12,50.12,516840,SAB
2024-11-11,72.3,73.7,71.3,73.5,8239800,MSN
2024-11-12,40.6,41.35,40.3,40.3,16217500,VHM
2024-11-13,117.05,118.25,116.54,117.99,3460835,FPT
2024-11-14,34.03,34.03,33.33,33.33,5272308,CTG
2024-11-15,64.86,65.33,64.57,64.57,776455,GAS
2024-11-18,51.12,51.12,50.21,50.39,471821,SAB
2024-11-19,18.25,18.3,18.01,18.01,11168595,VPB
2024-11-20,101.3,102.3,100.1,102.0,729300,VJC
2024-11-21,56.19,58.06,55.7,57.87,8169014,MWG
2024-11-22,11.45,11.5,11.3,11.4,3114200,POW
2024-11-25,43.42,44.25,43.37,43.42,463280,BVH
2024-11-26,19.4,20.18,19.4,19.72,10888073,PDR
2024-11-27,59.31,59.5,59.04,59.13,1588583,VNM
2024-11-28,23.84,23.94,23.65,23.7,8465921,SSI
2024-11-29,33.05,33.3,32.8,33.3,6626200,STB
2024-12-02,38.7,38.85,38.17,38.46,602358,PLX
2024-12-03,35.66,35.66,35.17,35.61,5264269,CTG
2024-12-04,22.37,22.37,22.21,22.25,12517041,HPG
2024-12-05,15.57,16.06,15.53,16.02,10565198,MBB
2024-12-06,41.6,42.0,41.2,41.5,4870000,VHM
2024-12-09,128.64,128.9,125.97,126.74,4551406,FPT
2024-12-10,50.73,52.4,50.43,51.61,1120622,BVH
2024-12-11,38.37,38.41,38.0,38.09,1287841,BID
2024-12-12,58.76,59.41,58.76,59.13,2252448,VNM
2024-12-13,40.7,40.8,40.5,40.65,3126900,VHM
2024-12-16,14.43,14.56,14.34,14.38,9852128,TPB
2024-12-17,129.42,129.76,127.35,127.61,5958677,FPT
2024-12-18,10.45,10.6,10.45,10.55,4016000,NVL
2024-12-19,17.05,17.25,16.95,17.05,6408800,VRE
2024-12-20,100.0,100.9,99.2,99.2,1007700,VJC
2024-12-23,7.8,7.91,7.8,7.87,6549038,SHB
2024-12-24,25.21,25.31,24.87,25.31,12305704,SSI
2024-12-25,35.91,38.39,35.91,37.89,25202624,CTG
2024-12-26,40.7,41.0,40.65,40.65,877500,VIC
2024-12-27,23.87,24.26,23.82,23.97,15399674,TCB
2024-12-30,37.3,37.45,36.96,36.96,614275,PLX
2024-12-31,64.38,64.67,64.1,64.1,771779,GAS
2025-01-02,30.07,30.37,30.02,30.07,947196,GVR
2025-01-03,37.5,37.7,36.9,36.9,10289258,CTG
2025-01-06,20.89,20.93,20.68,20.72,12058848,ACB
2025-01-07,56.49,56.98,55.6,56.29,5536744,MWG
2025-01-08,47.34,48.86,47.34,48.47,540280,BVH
2025-01-09,50.52,50.8,50.33,50.42,411589,SAB
2025-01-10,16.1,16.14,15.88,15.88,8697452,MBB
2025-01-13,14.03,14.25,13.94,14.12,6940107,TPB
2025-01-14,21.62,21.67,21.5,21.54,7670367,HPG
2025-01-15,21.67,21.87,21.58,21.83,11228889,HPG
2025-01-16,57.47,57.75,56.92,57.1,1687939,VNM
2025-01-17,21.6,22.5,21.4,22.5,13331000,HDB
2025-01-20,50.42,50.99,50.42,50.89,200734,SAB
2025-01-21,57.2,57.29,56.83,57.01,1405722,VNM
2025-01-22,20.89,20.89,20.72,20.76,2791121,ACB
2025-01-23,16.44,16.7,16.36,16.66,13744416,MBB
2025-01-24,22.45,23.15,22.45,22.65,11218800,HDB
2025-02-03,63.82,63.82,62.97,63.16,464089,GAS
2025-02-04,14.43,14.74,14.34,14.69,10940880,TPB
2025-02-05,16.89,16.93,16.74,16.89,7241696,MBB
2025-02-06,38.7,38.7,38.32,38.61,601953,PLX
2025-02-07,17.13,17.51,17.09,17.3,6642328,VIB
2025-02-10,17.17,17.72,17.09,17.3,11662206,VIB
2025-02-11,21.21,21.75,21.21,21.75,28914141,HPG
2025-02-12,17.55,17.68,17.36,17.36,2565344,PDR
2025-02-13,16.4,16.7,16.4,16.65,4323500,VRE
2025-02-14,24.38,24.67,24.28,24.28,16159715,SSI
2025-02-17,68.1,68.4,66.2,66.4,5693000,MSN
2025-02-18,16.5,17.05,16.45,16.85,10881800,VRE
2025-02-19,55.63,56.18,55.63,56.09,3075728,VNM
2025-02-20,18.1,18.52,17.96,17.96,8573606,PDR
2025-02-21,38.75,38.95,38.3,38.85,8170200,STB
2025-02-24,56.32,57.79,55.83,57.6,902312,BVH
2025-02-25,67.8,68.9,67.8,68.4,5119200,MSN
2025-02-26,23.25,23.3,23.05,23.05,7301400,HDB
2025-02-27,21.72,21.81,21.6,21.81,5661613,ACB
2025-02-28,120.8,121.66,119.85,120.97,4704828,FPT
2025-03-03,18.84,18.84,18.59,18.69,9405412,VPB
2025-03-04,32.53,33.47,32.44,33.03,5966607,GVR
2025-03-05,25.75,25.99,25.45,25.45,27573069,SSI
2025-03-06,58.95,61.02,58.75,61.02,13459391,MWG
2025-03-07,26.43,26.48,26.14,26.23,22907368,SSI
2025-03-10,12.15,12.2,12.05,12.05,5285000,POW
2025-03-11,26.79,27.28,26.74,27.28,15318558,TCB
2025-03-12,42.46,42.95,41.96,42.31,9356474,CTG
2025-03-13,57.47,58.03,57.1,57.2,5106563,VNM
2025-03-14,60.63,61.42,60.33,60.63,8763578,MWG
2025-03-17,26.64,26.74,26.45,26.74,11005682,TCB
2025-03-18,42.56,42.56,41.61,41.66,5411069,CTG
2025-03-19,60.33,60.53,58.16,58.66,13424048,MWG
2025-03-20,97.9,97.9,96.2,96.2,547400,VJC
2025-03-21,47.1,48.4,47.1,48.25,13695700,VHM
2025-03-24,22.62,22.71,22.42,22.62,16247689,HPG
2025-03-25,47.13,47.22,46.61,46.61,1606302,SAB
2025-03-26,17.0,17.04,16.83,16.83,8919009,VIB
2025-03-27,10.3,10.35,10.2,10.25,3893100,NVL
2025-03-28,27.03,27.08,26.74,26.84,12358157,TCB
2025-03-31,16.62,16.75,16.54,16.75,5210733,VIB
2025-04-01,19.35,20.1,19.25,20.0,16455600,VRE
2025-04-02,18.15,18.19,17.92,18.06,3294052,PDR
2025-04-03,12.3,12.5,11.95,11.95,18059600,POW
2025-04-04,46.1,50.6,46.1,50.3,21595400,VHM
2025-04-08,91.39,93.12,90.62,90.62,16338312,FPT
2025-04-09,50.3,52.9,50.3,50.3,13474100,MSN
2025-04-10,24.6,24.6,24.6,24.6,1243616,TCB
2025-04-11,90.5,90.5,84.6,85.4,997400,VJC
2025-04-14,57.7,60.3,56.9,60.0,7927500,MSN
2025-04-15,23.21,23.4,22.62,22.72,26183595,SSI
2025-04-16,38.6,38.85,38.05,38.15,9915900,STB
2025-04-17,9.3,9.48,9.1,9.36,6282400,NVL
2025-04-18,9.5,9.87,9.44,9.67,11559100,NVL
2025-04-21,9.75,10.3,9.72,10.3,24346500,NVL
2025-04-22,57.68,58.38,54.31,58.08,3860343,VCB
2025-04-23,21.25,21.42,21.12,21.29,22246788,HPG
2025-04-24,58.9,62.7,58.6,62.7,8730000,VIC
2025-04-25,34.91,35.01,34.62,34.62,2688066,BID
2025-04-28,54.97,55.07,54.69,54.97,272057,GAS
2025-04-29,11.75,12.0,11.7,11.85,5412800,POW
2025-05-05,14.35,14.58,14.12,14.49,5110162,PDR
2025-05-06,22.62,22.92,22.53,22.58,16482960,SSI
2025-05-07,16.5,16.55,16.35,16.55,10239675,VPB
2025-05-08,24.8,26.18,24.75,26.18,10069737,GVR
2025-05-09,26.6,27.28,26.55,26.89,18305109,TCB
2025-05-12,47.29,47.93,46.95,47.88,496308,BVH
2025-05-13,91.5,91.5,89.4,90.5,597500,VJC
2025-05-14,79.1,82.5,78.4,79.8,6639600,VIC
2025-05-15,60.2,60.3,57.1,58.0,17963700,VHM
2025-05-16,27.7,27.8,27.31,27.31,2695307,GVR
2025-05-19,12.86,12.91,12.76,12.81,8531993,TPB
2025-05-20,38.39,39.18,38.39,39.18,6576590,CTG
2025-05-21,39.5,42.25,39.5,41.8,39103400,STB
2025-05-22,66.9,71.0,66.8,68.1,10234400,VHM
2025-05-23,68.6,69.8,67.3,68.8,7306800,VHM
2025-05-26,18.54,18.61,18.01,18.61,18266581,MBB
2025-05-27,53.4,53.49,52.82,52.92,3691308,VNM
2025-05-28,39.38,39.43,38.79,39.23,5585546,CTG
2025-05-29,53.01,53.01,52.63,52.63,2185775,VNM
2025-05-30,41.35,41.35,40.55,40.7,8819800,STB
2025-06-02,77.6,77.9,74.5,77.0,4823400,VHM
2025-06-03,15.92,15.97,15.79,15.88,4977410,VIB
2025-06-04,35.6,35.7,35.26,35.36,3013267,BID
2025-06-05,61.0,61.0,59.77,60.05,807057,GAS
2025-06-06,90.5,91.0,88.8,90.0,998300,VJC
2025-06-09,11.68,11.73,11.42,11.55,50901949,SHB
2025-06-10,22.08,22.37,21.83,21.83,29436635,HPG
2025-06-11,13.1,13.15,12.9,12.95,6848400,POW
2025-06-12,72.1,72.4,68.6,70.0,4967500,VHM
2025-06-13,21.0,21.35,20.9,21.05,10054700,ACB
2025-06-16,39.63,39.98,39.58,39.98,6093101,CTG
2025-06-17,63.49,63.58,62.89,63.49,5188927,MWG
2025-06-18,11.64,11.68,11.55,11.64,49670768,SHB
2025-06-19,66.74,68.06,65.99,67.59,2689421,GAS
2025-06-20,67.77,67.77,65.23,65.42,1745659,GAS
2025-06-23,13.1,13.25,13.0,13.05,7195000,POW
2025-06-24,22.1,22.2,21.9,21.95,12944000,HDB
2025-06-25,96.0,96.6,94.5,95.8,2655500,VIC
2025-06-26,21.3,21.35,21.15,21.2,9897400,ACB
2025-06-27,76.5,77.4,74.0,77.0,4778100,VHM
2025-06-30,15.2,15.6,15.1,15.15,14824200,NVL
2025-07-01,95.7,96.5,93.5,95.6,2334000,VIC
2025-07-02,47.3,48.1,47.0,47.55,9449300,STB
2025-07-03,19.63,19.78,19.48,19.48,25587555,MBB
2025-07-04,54.92,55.31,54.73,55.21,2700639,VNM
2025-07-07,36.25,36.79,36.25,36.79,11244684,BID
2025-07-08,47.7,48.05,47.2,47.65,6020400,STB
2025-07-09,108.53,108.61,106.35,106.79,12226586,FPT
2025-07-10,17.82,18.19,17.59,17.68,18189979,PDR
2025-07-11,33.9,34.58,33.9,34.05,18597763,TCB
2025-07-14,89.8,91.0,86.1,88.8,5761800,VHM
2025-07-15,48.2,49.2,47.7,47.7,9831600,STB
2025-07-16,37.3,37.5,37.05,37.25,1734200,PLX
2025-07-17,26.2,26.35,25.9,26.0,56229600,HPG
2025-07-18,44.64,45.19,44.19,44.69,8298730,CTG
2025-07-21,94.0,96.3,93.9,95.1,1560900,VJC
2025-07-22,77.3,78.4,76.6,77.7,7375500,MSN
2025-07-23,45.33,45.48,44.44,45.28,6341032,CTG
2025-07-24,27.15,28.35,26.85,27.6,50977800,HDB
2025-07-25,65.04,65.89,64.67,64.67,1100648,GAS
2025-07-28,115.0,118.0,114.1,115.6,3265900,VIC
2025-07-29,37.9,38.5,36.5,36.5,7470400,PLX
2025-07-30,73.0,73.5,71.0,73.0,9483500,MSN
2025-07-31,47.12,47.12,44.69,45.53,19399512,CTG
2025-08-01,33.27,33.8,33.17,33.22,20626836,TCB
2025-08-04,57.12,58.08,57.12,57.69,3752196,VNM
2025-08-05,48.1,48.2,47.4,47.5,2101200,SAB
2025-08-06,63.82,65.23,63.82,65.23,1301814,GAS
2025-08-07,118.5,122.0,115.0,115.0,4140100,VIC
2025-08-08,34.81,36.28,34.23,34.62,95461242,SSI
2025-08-11,28.15,28.45,27.8,28.15,67223000,HPG
2025-08-12,36.82,37.02,36.24,36.73,22640841,TCB
2025-08-13,29.4,29.45,28.45,28.95,24756500,HDB
2025-08-14,41.14,42.18,40.7,41.69,15184586,BID
2025-08-15,16.35,16.35,15.85,15.85,23808000,POW
2025-08-18,40.6,40.85,40.15,40.35,7520468,BID
2025-08-19,18.5,19.1,18.4,18.5,134142618,SHB
2025-08-20,28.2,28.25,27.05,27.4,101007400,HPG
2025-08-21,122.2,126.8,122.0,125.0,4069100,VIC
2025-08-22,29.0,29.4,27.65,27.85,43014300,ACB
2025-08-25,51.09,51.19,48.41,48.71,15723017,CTG
2025-08-26,28.1,28.84,27.85,28.79,3731531,GVR
2025-08-27,41.69,44.01,41.39,42.33,14883931,BID
2025-08-28,38.58,38.58,37.8,38.58,18631561,TCB
2025-08-29,39.07,39.21,38.58,38.58,23193029,TCB
2025-09-03,35.15,35.4,34.35,34.5,28617800,VPB
2025-09-04,142.2,142.2,139.5,140.0,2005200,VJC
2025-09-05,30.3,31.2,30.15,30.3,7492700,VRE
2025-09-08,17.8,17.95,17.2,17.25,124526200,SHB
2025-09-09,65.03,65.72,64.04,64.43,6203308,VCB
2025-09-10,40.25,40.9,40.1,40.25,5477094,BID
2025-09-11,28.7,29.2,28.0,29.15,71781900,HPG
2025-09-12,78.8,79.4,77.8,79.0,7900100,MWG
2025-09-15,37.56,37.99,37.56,37.99,16491748,TCB
2025-09-16,26.6,26.6,26.2,26.4,40108800,ACB
2025-09-17,38.33,38.43,37.51,37.7,15633635,TCB
2025-09-18,15.5,15.7,15.0,15.1,21066600,NVL
2025-09-19,26.95,26.95,26.5,26.65,14481700,MBB
2025-09-22,28.3,28.44,27.85,27.9,1377972,GVR
2025-09-23,36.58,37.02,36.53,36.53,8099324,TCB
2025-09-24,61.95,62.25,61.36,62.25,3884578,VCB
2025-09-25,31.5,31.6,30.9,31.0,14404600,HDB
2025-09-26,28.54,28.59,28.1,28.1,1301884,GVR
2025-09-29,30.5,31.2,30.05,31.1,33075500,VPB
2025-09-30,30.4,32.1,30.3,32.1,17459400,VRE
