cp,year,lailo_cac_hoat_dong_khac,luu_chuyen_tien_thuan_tu_hdkd_truoc_thay_doi_vld,luu_chuyen_tien_thuan_tu_hdkd_truoc_thue,chi_tu_cac_quy_cua_tctd,mua_sam_tscd,tien_thu_co_tuc_va_loi_nhuan_duoc_chia,luu_chuyen_tu_hoat_dong_dau_tu,tang_von_co_phan_tu_gop_von_vahoac_phat_hanh_co_phieu,luu_chuyen_tien_tu_hoat_dong_tai_chinh,luu_chuyen_tien_thuan_trong_ky,tien_va_tuong_duong_tien,anh_huong_cua_chenh_lech_ty_gia,tien_va_tuong_duong_tien_cuoi_ky,luu_chuyen_tien_te_rong_tu_cac_hoat_dong_sxkd,tien_thu_duoc_tu_thanh_ly_tai_san_co_dinh,dau_tu_vao_cac_doanh_nghiep_khac,tien_thu_tu_viec_ban_cac_khoan_dau_tu_vao_doanh_nghiep_khac,co_tuc_da_tra,symbol,lailo_rong_truoc_thue,khau_hao_tscd,du_phong_rr_tin_dung,lailo_chenh_lech_ty_gia_chua_thuc_hien,lailo_tu_hoat_dong_dau_tu,thu_nhap_lai,tanggiam_cac_khoan_phai_thu,tanggiam_hang_ton_kho,tanggiam_cac_khoan_phai_tra,tanggiam_chi_phi_tra_truoc,chi_phi_lai_vay_da_tra,tien_thu_nhap_doanh_nghiep_da_tra,tien_chi_khac_tu_cac_hoat_dong_kinh_doanh,tien_chi_cho_vay_mua_cong_cu_no_cua_don_vi_khac_dong,tien_thu_hoi_cho_vay_ban_lai_cac_cong_cu_no_cua_don_vi_khac_dong,chi_tra_cho_viec_mua_lai_tra_co_phieu,tien_thu_duoc_cac_khoan_di_vay,tien_tra_cac_khoan_di_vay,tien_thu_khac_tu_cac_hoat_dong_kinh_doanh,tien_thanh_toan_von_goc_di_thue_tai_chinh,co_tuc_da_nhan,lailo_tu_thanh_ly_tai_san_co_dinh,thu_lai_va_co_tuc,tanggiam_cac_khoan_phai_thu_2,tanggiam_cac_khoan_phai_tra_2
ACB,2024,-164089000000.0,16709886000000.0,8371480000000.0,-1249000000.0,-919740000000,35058000000,-733310000000,0,-3884051000000,3752870000000,136071738000000,0.0,139824608000000,8370231000000,147865000000,0.0,3507000000,-3884051000000,ACB,0.0,0.0,0.0,0.0,0.0,0.0,0.0,0.0,0.0,0.0,0.0,0.0,0.0,0.0,0.0,0.0,0.0,0.0,0.0,0.0,0.0,0.0,0.0,0.0,0.0
ACB,2023,-18340000000.0,19421985000000.0,37137701000000.0,-1500000000.0,-1276249000000,74955000000,-1197256000000,0,-3377435000000,32561510000000,103510228000000,0.0,136071738000000,37136201000000,4038000000,0.0,0,-3377435000000,ACB,0.0,0.0,0.0,0.0,0.0,0.0,0.0,0.0,0.0,0.0,0.0,0.0,0.0,0.0,0.0,0.0,0.0,0.0,0.0,0.0,0.0,0.0,0.0,0.0,0.0
ACB,2022,152049000000.0,16413910000000.0,21476002000000.0,-201463000000.0,-511513000000,59599000000,-365878000000,0,0,20908661000000,82601567000000,0.0,103510228000000,21274539000000,4741000000,-10520000000.0,6451000000,0,ACB,0.0,0.0,0.0,0.0,0.0,0.0,0.0,0.0,0.0,0.0,0.0,0.0,0.0,0.0,0.0,0.0,0.0,0.0,0.0,0.0,0.0,0.0,0.0,0.0,0.0
ACB,2021,-94964000000.0,12326573000000.0,39927382000000.0,-1483000000.0,-636100000000,21979000000,-462403000000,0,-2884000000000,36579496000000,46022071000000,0.0,82601567000000,39925899000000,3265000000,0.0,0,0,ACB,0.0,0.0,0.0,0.0,0.0,0.0,0.0,0.0,0.0,0.0,0.0,0.0,0.0,0.0,0.0,0.0,0.0,0.0,0.0,0.0,0.0,0.0,0.0,0.0,0.0
ACB,2020,67987000000.0,9688384000000.0,10880417000000.0,-1156000000.0,-423132000000,17573000000,-395503000000,0,-140600000000,10343158000000,35678913000000,0.0,46022071000000,10879261000000,3336000000,0.0,0,0,ACB,0.0,0.0,0.0,0.0,0.0,0.0,0.0,0.0,0.0,0.0,0.0,0.0,0.0,0.0,0.0,0.0,0.0,0.0,0.0,0.0,0.0,0.0,0.0,0.0,0.0
BID,2024,-3117574000000.0,39869606000000.0,98846772000000.0,0.0,-1244828000000,88105000000,-1128440000000,0,2267130000000,99985462000000,224739002000000,0.0,324724464000000,98846772000000,19896000000,-1028000000.0,14108000000,-94460000000,BID,0.0,0.0,0.0,0.0,0.0,0.0,0.0,0.0,0.0,0.0,0.0,0.0,0.0,0.0,0.0,0.0,0.0,0.0,0.0,0.0,0.0,0.0,0.0,0.0,0.0
BID,2023,-3373336000000.0,50080394000000.0,-71013823000000.0,-1164000000.0,-2005077000000,182104000000,-1813698000000,0,-119694000000,-72948379000000,297687381000000,0.0,224739002000000,-71014987000000,11710000000,0.0,0,-119694000000,BID,0.0,0.0,0.0,0.0,0.0,0.0,0.0,0.0,0.0,0.0,0.0,0.0,0.0,0.0,0.0,0.0,0.0,0.0,0.0,0.0,0.0,0.0,0.0,0.0,0.0
BID,2022,-1491709000000.0,49466042000000.0,132518884000000.0,-981000000.0,-1091733000000,165567000000,-917883000000,1059025000000,757095000000,132357115000000,165330266000000,0.0,297687381000000,132517903000000,9868000000,0.0,0,-301930000000,BID,0.0,0.0,0.0,0.0,0.0,0.0,0.0,0.0,0.0,0.0,0.0,0.0,0.0,0.0,0.0,0.0,0.0,0.0,0.0,0.0,0.0,0.0,0.0,0.0,0.0
BID,2021,-2058082000000.0,43592314000000.0,68891039000000.0,-895000000.0,-1015514000000,88441000000,-977359000000,0,-1353760000000,66559025000000,98771241000000,0.0,165330266000000,68890144000000,8383000000,-53725000000.0,0,-1353760000000,BID,0.0,0.0,0.0,0.0,0.0,0.0,0.0,0.0,0.0,0.0,0.0,0.0,0.0,0.0,0.0,0.0,0.0,0.0,0.0,0.0,0.0,0.0,0.0,0.0,0.0
BID,2020,-2050717000000.0,28758261000000.0,-67912612000000.0,-198000000.0,-1061633000000,134987000000,-919255000000,0,-2669096000000,-71501161000000,170272402000000,0.0,98771241000000,-67912810000000,8545000000,0.0,0,-2669096000000,BID,0.0,0.0,0.0,0.0,0.0,0.0,0.0,0.0,0.0,0.0,0.0,0.0,0.0,0.0,0.0,0.0,0.0,0.0,0.0,0.0,0.0,0.0,0.0,0.0,0.0
BVH,2024,0.0,10112673942986.0,0.0,0.0,-135267945349,13470307039965,-21633102912022,0,9893761144002,-3320145561942,4783513586776,720102279.0,1464088127113,8419196206078,750785454,-245308499.0,0,-767081435567,BVH,2663171477296.0,361656740622.0,18799414855151.0,13928156147.0,-12757295260799.0,1031797974569.0,1160577325759.0,12868553516.0,-1222998762851.0,-33806613231.0,-670960934650.0,-432410464622.0,-113228870839.0,-178867829679580.0,143899182195987.0,0.0,68026767032069.0,-57365924452500.0,0.0,0.0,0.0,0.0,0.0,0.0,0.0
BVH,2023,0.0,10637819844020.0,0.0,0.0,-179223609626,11552755197497,-4563383053729,0,-1337621827516,2575843791149,2206497560116,1172235511.0,4783513586776,8476848672394,1056681274,-559065379.0,0,-734102404994,BVH,2263431525645.0,203894515970.0,20001619028532.0,16099743627.0,-13624967435230.0,1777742465476.0,1670460461963.0,17308986190.0,-1155003441621.0,-145163553070.0,-1787160299314.0,-360202939230.0,-59665233670.0,-163901811301317.0,147964399043822.0,0.0,78332986284987.0,-78936505707509.0,0.0,0.0,0.0,0.0,0.0,0.0,0.0
BVH,2022,0.0,15549256860064.0,0.0,0.0,-163378387443,8370940521353,-20743971778794,0,8499230942954,-3143024515618,5354092025872,-4569950138.0,2206497560116,9101716320222,2489490635,-250000000.0,6559843455,-2268458776216,BVH,2010163563631.0,211803973840.0,22567116332600.0,16219103087.0,-9987399223459.0,732426110365.0,-4346443102143.0,10995923821.0,-133150830544.0,-665529008941.0,-688972800896.0,-426509931095.0,-115074831227.0,-157948793058181.0,128988459811387.0,0.0,85591616583165.0,-74823926863995.0,0.0,0.0,0.0,0.0,0.0,0.0,0.0
BVH,2021,0.0,13702138045492.0,0.0,0.0,-237768613970,8354119919729,-14286697023411,0,538911696805,-1426133301894,6780742363756,-517035990.0,5354092025872,12321652024712,1585989110,-4425975843.0,207297671249,-687434838726,BVH,2398034325409.0,226311777789.0,19751386296114.0,-7612658011.0,-8987183374694.0,321201678885.0,-1065508541724.0,-17220136054.0,700525423660.0,212589276761.0,-420996995370.0,-338734753436.0,-58336039784.0,-94785369046052.0,72177863032366.0,0.0,48063151289896.0,-46836804754365.0,0.0,0.0,0.0,0.0,0.0,0.0,0.0
BVH,2020,0.0,11636469313943.0,0.0,0.0,-231433491623,8717737729146,-7759979874162,0,-1998801367744,2037359038058,4742602123821,781201877.0,6780742363756,11796140279964,1026440364,-29535895500.0,0,-621510028457,BVH,1953285808059.0,206997738211.0,18324904209345.0,-3832163038.0,-9547259680419.0,702373401785.0,-13288642669.0,1924398500.0,105126771747.0,748213752516.0,-757788609663.0,-237775940333.0,-68382974829.0,-87906743938242.0,71688969281693.0,0.0,17451796200000.0,-18829087539287.0,0.0,0.0,0.0,0.0,0.0,0.0,0.0
CTG,2024,-912465000000.0,48753805000000.0,102188686000000.0,0.0,-1362079000000,20539000000,-1329023000000,0,1537000000,100861200000000,272303607000000,154749000000.0,373319556000000,102188686000000,15158000000,0.0,0,0,CTG,0.0,0.0,0.0,0.0,0.0,0.0,0.0,0.0,0.0,0.0,0.0,0.0,0.0,0.0,0.0,0.0,0.0,0.0,0.0,0.0,0.0,0.0,0.0,0.0,0.0
CTG,2023,314913000000.0,51185229000000.0,28768348000000.0,0.0,-804101000000,92337000000,-703882000000,0,0,28064466000000,244298220000000,-59079000000.0,272303607000000,28768348000000,10473000000,0.0,0,0,CTG,0.0,0.0,0.0,0.0,0.0,0.0,0.0,0.0,0.0,0.0,0.0,0.0,0.0,0.0,0.0,0.0,0.0,0.0,0.0,0.0,0.0,0.0,0.0,0.0,0.0
CTG,2022,4505276000000.0,50517333000000.0,84463729000000.0,0.0,-623680000000,87736000000,-515081000000,0,-3844600000000,80104048000000,164376586000000,-182414000000.0,244298220000000,84463729000000,16841000000,0.0,6200000000,-3844600000000,CTG,0.0,0.0,0.0,0.0,0.0,0.0,0.0,0.0,0.0,0.0,0.0,0.0,0.0,0.0,0.0,0.0,0.0,0.0,0.0,0.0,0.0,0.0,0.0,0.0,0.0
CTG,2021,-58016000000.0,30612531000000.0,5401509000000.0,0.0,-736408000000,83771000000,-648143000000,0,-21267000000,4732099000000,160175076000000,-530589000000.0,164376586000000,5401509000000,7371000000,0.0,0,-21267000000,CTG,0.0,0.0,0.0,0.0,0.0,0.0,0.0,0.0,0.0,0.0,0.0,0.0,0.0,0.0,0.0,0.0,0.0,0.0,0.0,0.0,0.0,0.0,0.0,0.0,0.0
CTG,2020,394785000000.0,24298973000000.0,7845636000000.0,0.0,-715459000000,67061000000,-517385000000,0,-1881229000000,5447022000000,155046744000000,-318690000000.0,160175076000000,7845636000000,108296000000,0.0,23990000000,-1881229000000,CTG,0.0,0.0,0.0,0.0,0.0,0.0,0.0,0.0,0.0,0.0,0.0,0.0,0.0,0.0,0.0,0.0,0.0,0.0,0.0,0.0,0.0,0.0,0.0,0.0,0.0
FPT,2024,0.0,13626844968489.0,0.0,0.0,-3275312325702,1530174506877,-8461812173101,163342989874,-2197766125834,1044198889933,8279156683221,-7915134270.0,9315440438884,11703777188868,14227383215,-1106193484800.0,48102486048,-3291859792121,FPT,11069666417819.0,2535298475665.0,1148951390915.0,46311803197.0,-1725022480893.0,551639361786.0,-1913663012505.0,-265267561842.0,2875571263689.0,-393964502357.0,-607154747076.0,-1209921507569.0,-408667711961.0,-41956569113369.0,36283758374630.0,0.0,30946282706201.0,-30013226682923.0,0.0,-2305346865.0,0.0,0.0,0.0,0.0,0.0
FPT,2023,0.0,10989758903879.0,0.0,0.0,-3978252082224,2137225525330,-6548374165711,73050500000,-1168383938695,1800337593999,6440177174322,38641914900.0,8279156683221,9517095698405,29269655015,-1753619182518.0,94939906000,-2930628448135,FPT,9203006098570.0,2286514158688.0,677928749053.0,-34070358211.0,-1976268355482.0,832648611261.0,-1163209212196.0,396161114891.0,1380255770889.0,65247409505.0,-832038375945.0,-971344830054.0,-347735082564.0,-33536189070356.0,30458251083042.0,0.0,34271246237260.0,-32551882452709.0,0.0,-30169775111.0,0.0,0.0,0.0,0.0,0.0
FPT,2022,0.0,9042263917498.0,0.0,0.0,-3215243200871,1793624815520,5757231937325,77028689275,-9773308216323,1037755477702,5417845293242,-15423596622.0,6440177174322,5053831756700,5662030028,-557291900594.0,56400094000,-2222134795995,FPT,7662282959880.0,1833064499128.0,880253740252.0,7652847077.0,-1986715685147.0,645725556308.0,-1949023327296.0,-497802711008.0,1299834862339.0,-633951413583.0,-635688969538.0,-1221846691729.0,-349953909983.0,-32995035947486.0,40669116046728.0,0.0,28120228984733.0,-35740054948912.0,0.0,-8376145424.0,0.0,0.0,0.0,0.0,0.0
FPT,2021,0.0,7052923025778.0,0.0,0.0,-2911001172725,1182811834149,-10412890116331,87611404675,5364662434403,791465872799,4686191374038,-59811953595.0,5417845293242,5839693554727,2866890285,-450878532336.0,420000000,-2254183945975,FPT,6337206440958.0,1643915685332.0,352207924154.0,-63913432668.0,-1700489438802.0,483995846804.0,-693503200106.0,-218231826239.0,1910090001449.0,-375543134134.0,-451555665838.0,-1045034654569.0,-339450991614.0,-35827118645179.0,27590009509475.0,0.0,34463706577011.0,-26931165232996.0,0.0,-1306368312.0,0.0,0.0,0.0,0.0,0.0
FPT,2020,0.0,6410248422781.0,0.0,0.0,-3017645357713,894462073316,-8144124287084,59633580760,3037356550037,1232911296289,3453388617569,-108539820.0,4686191374038,6339679033336,3323070810,-101172751758.0,31000000000,-1899079382925,FPT,5263456629967.0,1490607476892.0,313851138486.0,-3386721059.0,-1039617856401.0,385337754896.0,311571475172.0,-55124600922.0,1060519849887.0,51528448148.0,-401913784732.0,-778286928782.0,-258863848216.0,-5954091321739.0,0.0,0.0,20448570691368.0,-15570014545746.0,0.0,-1753793420.0,0.0,0.0,0.0,0.0,0.0
GAS,2024,0.0,16824776393386.0,0.0,0.0,-1925456571752,1800643654080,7468309783967,0,-16612428236073,-108907750742,5668895193049,7995989161.0,5567983431468,9035210701364,1386025703,0.0,0,-13872476202356,GAS,13172107496375.0,2727709804035.0,2109442400255.0,1070942346.0,-1504151203000.0,318596953375.0,-4549384677628.0,-662132189021.0,930606432959.0,-179814994980.0,-334023151235.0,-2632100363803.0,-362716748314.0,-46644494787639.0,54236231463575.0,0.0,1862902885250.0,-4602854918967.0,0.0,0.0,0.0,0.0,0.0,0.0,0.0
GAS,2023,0.0,16395593874731.0,0.0,0.0,-1841341777865,1950619634557,-11248693693022,0,-7463313353671,-4884962394202,10549337638537,4519948714.0,5668895193049,13827044652491,66000000,0.0,0,-7119780163201,GAS,14639542209210.0,3026921230677.0,366192272100.0,96268084573.0,-2073305978387.0,339976056558.0,-550297452099.0,115462821548.0,1159357930370.0,585198622793.0,-505230388152.0,-3134151129378.0,-238889627322.0,-50078274935445.0,38720237385731.0,0.0,2075745608357.0,-2419278798827.0,0.0,0.0,0.0,0.0,0.0,0.0,0.0
GAS,2022,0.0,21349564288596.0,0.0,0.0,-2009673196429,1200815213928,265039541155,118345978175,-7809261232680,5247848807663,5300330735432,1158095442.0,10549337638537,12792070499188,570658941,0.0,0,-5882313058641,GAS,18806274860388.0,3022954831285.0,446081612056.0,73300232774.0,-1335908271004.0,336861023097.0,782276386743.0,-860659726216.0,-3677892636800.0,-266779341486.0,-537119783618.0,-3451711192375.0,-545607495656.0,-40741761303346.0,41815088168061.0,0.0,1325381539466.0,-3370675691680.0,0.0,0.0,0.0,0.0,0.0,0.0,0.0
GAS,2021,0.0,14083883127061.0,0.0,0.0,-4747172910132,998038096084,-6755056380161,0,-774266665633,65498180405,5237246729402,-2414174375.0,5300330735432,7594821226199,180667761327,0.0,0,-5864872815742,GAS,11204998243771.0,3073271794099.0,738511937955.0,-128144388297.0,-1108893203844.0,304138743377.0,-7153185991469.0,-1612418420953.0,7800920353900.0,-2740310183509.0,-262442294782.0,-2274967189845.0,-246658174204.0,-41510884348748.0,38324295021308.0,0.0,6246927650109.0,-1156321500000.0,0.0,0.0,0.0,0.0,0.0,0.0,0.0
GAS,2020,0.0,12269263012401.0,0.0,0.0,-4173689627906,1534467421577,99125114278,0,-6668267621098,761256324255,4475889167227,101237920.0,5237246729402,7330398831075,26793066361,0.0,0,-6850062019942,GAS,9978064228697.0,2554097877410.0,933523809294.0,18570413088.0,-1316211508585.0,101218192497.0,-960719844944.0,-83857273599.0,-192156621517.0,-168109715935.0,-95440410322.0,-2090389867815.0,-1348190447194.0,-29153945745754.0,31865500000000.0,0.0,2201825438530.0,-2020031039686.0,0.0,0.0,0.0,0.0,0.0,0.0,0.0
GVR,2024,0.0,7146053468737.0,0.0,0.0,-596299774505,358920028113,-617308149359,0,370987023580,187670432686,5564089010514,27096219994.0,5778855663194,433991558465,352338150870,-10885806298.0,0,-87895463843,GVR,5606391439164.0,2703728428563.0,69045896917.0,-27096219994.0,-1558921278362.0,352905202449.0,-16162233548.0,-985786557745.0,1214983143497.0,-2574992566751.0,-343068707207.0,-795928493459.0,-4552018855492.0,-2160763241581.0,1439382494042.0,0.0,6577822955117.0,-6118940467694.0,1340912360433.0,0.0,0.0,0.0,0.0,0.0,0.0
GVR,2023,0.0,4467452766007.0,0.0,0.0,-964954528436,378154029977,-1087008730656,0,-920750779819,1240753908836,4370292544522,-46957442844.0,5564089010514,3248513419311,611336137318,-12303056383.0,1219256472,-87893800763,GVR,4113891839564.0,2488425976550.0,-43408958719.0,46957442844.0,-2944015312045.0,805601777813.0,199569497016.0,842676980101.0,-693546845913.0,32224000910.0,-457590930686.0,173006972134.0,-3044098074427.0,-2639190543183.0,1538729973579.0,0.0,4572002442848.0,-5404859421904.0,1728819054169.0,0.0,0.0,0.0,0.0,0.0,0.0
GVR,2022,0.0,7512168362495.0,0.0,0.0,-802275672956,468648744263,-538638730002,0,-1711646253408,-907587110898,5303619340768,-25739685348.0,4370292544522,1342697872512,673001182623,-46510319289.0,32106920695,-118960635968,GVR,5768180052419.0,2458765550692.0,16249907119.0,25739685348.0,-1258065874008.0,501299040925.0,129477105416.0,-697830350179.0,-646341127416.0,-1773239836.0,-443851383747.0,-767483631746.0,-4769620082443.0,-2616163090616.0,1752553505278.0,0.0,4671437328064.0,-6264122945504.0,1027952219968.0,0.0,0.0,0.0,0.0,0.0,0.0
GVR,2021,0.0,8029820031984.0,0.0,0.0,-865428496691,611567649798,-931391416628,0,-3211968604083,-222288492900,5528283614830,-2375781162.0,5303619340768,3921071527811,246207934029,-43326401314.0,42889481421,-109942261055,GVR,6212769218890.0,2303518160158.0,17233034914.0,2375781162.0,-1114075751905.0,607999588765.0,174609297333.0,-1438785663332.0,974487344837.0,122811131115.0,-240475146962.0,-1180392952138.0,-3402020385977.0,-2634939891778.0,1711638307907.0,0.0,3382141215246.0,-6484167558274.0,881017870951.0,0.0,0.0,0.0,0.0,0.0,0.0
GVR,2020,0.0,6201612510902.0,0.0,0.0,-859279039585,653232279208,-850430330588,0,125844772552,-1576687564776,7114787951797,-9816772191.0,5528283614830,-852102006740,253511744436,-45774781904.0,39667602318,-118761632340,GVR,5911174781928.0,2066517154614.0,-55070293768.0,9816772191.0,-2456955736965.0,726129832902.0,-29011316923.0,1479634682913.0,397075596488.0,-1421343423759.0,-619911849073.0,-1061985606744.0,-6649087218542.0,-2695607715313.0,1803819580252.0,0.0,7634624227313.0,-7390017822421.0,845318829399.0,0.0,0.0,0.0,0.0,0.0,0.0
HDB,2024,285759000000.0,17581895000000.0,8760552000000.0,-18159000000.0,-541148000000,0,-1180084000000,200000000000,-2712550000000,4849759000000,132411767000000,0.0,137261526000000,8742393000000,1764000000,-658075000000.0,17375000000,-2912550000000,HDB,0.0,0.0,0.0,0.0,0.0,0.0,0.0,0.0,0.0,0.0,0.0,0.0,0.0,0.0,0.0,0.0,0.0,0.0,0.0,0.0,0.0,0.0,0.0,0.0,0.0
HDB,2023,88876000000.0,18172189000000.0,80687360000000.0,-30315000000.0,-273921000000,9325000000,-263843000000,0,-2515261000000,77877941000000,54533826000000,0.0,132411767000000,80657045000000,753000000,0.0,0,-2515261000000,HDB,0.0,0.0,0.0,0.0,0.0,0.0,0.0,0.0,0.0,0.0,0.0,0.0,0.0,0.0,0.0,0.0,0.0,0.0,0.0,0.0,0.0,0.0,0.0,0.0,0.0
HDB,2022,111209000000.0,12002128000000.0,-15708816000000.0,-10262000000.0,-122001000000,22069000000,-77985000000,200000000000,200000000000,-15597063000000,70130889000000,0.0,54533826000000,-15719078000000,21447000000,0.0,500000000,0,HDB,0.0,0.0,0.0,0.0,0.0,0.0,0.0,0.0,0.0,0.0,0.0,0.0,0.0,0.0,0.0,0.0,0.0,0.0,0.0,0.0,0.0,0.0,0.0,0.0,0.0
HDB,2021,31014000000.0,8835844000000.0,15659853000000.0,-7434000000.0,-353900000000,0,-277831000000,0,0,15374588000000,54756301000000,0.0,70130889000000,15652419000000,268000000,0.0,51775000000,0,HDB,0.0,0.0,0.0,0.0,0.0,0.0,0.0,0.0,0.0,0.0,0.0,0.0,0.0,0.0,0.0,0.0,0.0,0.0,0.0,0.0,0.0,0.0,0.0,0.0,0.0
HDB,2020,198235000000.0,8229463000000.0,24962372000000.0,-2228000000.0,-282765000000,260000000,-254886000000,0,-311937000000,24393321000000,30362980000000,0.0,54756301000000,24960144000000,616000000,0.0,0,0,HDB,0.0,0.0,0.0,0.0,0.0,0.0,0.0,0.0,0.0,0.0,0.0,0.0,0.0,0.0,0.0,0.0,0.0,0.0,0.0,0.0,0.0,0.0,0.0,0.0,0.0
HPG,2024,0.0,21472490878571.0,0.0,0.0,-35495026797327,1339850195728,-29788138252448,233136000000,17814697586944,-5365120010289,12252001160884,764989257.0,6887646139852,6608320655215,1253593566574,0.0,31246619001,-4971010891,HPG,13693502261178.0,6915671331197.0,108500407214.0,173470579978.0,-1718310403845.0,2287360810880.0,-1818671846432.0,-10759800904696.0,1994355381518.0,-227706209603.0,-2332422296347.0,-936764513356.0,-783607107167.0,-28505457880646.0,31587656044222.0,-119560000.0,174465587837075.0,-156878935679240.0,447272727.0,0.0,0.0,0.0,0.0,0.0,0.0
HPG,2023,0.0,15421044915455.0,0.0,0.0,-17373946475964,2222218737225,-11995089522267,700000000,7275612340772,3923553595531,8324588920227,3858645126.0,12252001160884,8643030777026,206461627829,0.0,-526054585230,-8013794632,HPG,7792728743173.0,6761933539397.0,-1094201952159.0,291243752578.0,-1927836792719.0,3585077683881.0,-5601896103470.0,1026315216371.0,2609540999740.0,-87803327985.0,-3647295875670.0,-559992514733.0,-516882532682.0,-39803522821759.0,43279753995632.0,-2343640000.0,127232900840872.0,-119947631065468.0,0.0,0.0,0.0,0.0,0.0,0.0,0.0
HPG,2022,0.0,19291327380767.0,0.0,0.0,-17887504647036,1697815926948,-24626212744553,4075000000,-1777989694690,-14126565762736,22471375562130,-20220879167.0,8324588920227,12277636676507,21712492859,-371644175956.0,6672170842,-2261459543241,HPG,9922941127284.0,6759462100582.0,1010922330886.0,333983153559.0,-1832298259730.0,3083638131818.0,4711117735355.0,8023194725141.0,-14666409808394.0,2624176162.0,-3061103919849.0,-1246302085368.0,-776811527307.0,-55505793882381.0,47412529370171.0,0.0,135250023212840.0,-134770628364289.0,0.0,0.0,0.0,0.0,0.0,0.0,0.0
HPG,2021,0.0,44209139034907.0,0.0,0.0,-11621470092371,1053915562539,-19669452763006,10630000000,1740105149956,8791565690058,13696099298228,-16289426156.0,22471375562130,26720913303108,49348550223,0.0,833829028281,-1693086647969,HPG,37056777714190.0,6076516295417.0,163177531627.0,41938831417.0,-1661082595981.0,2525823258237.0,-3039385771765.0,-16949192989135.0,9250111116260.0,-813988306614.0,-2567276431082.0,-2743083962430.0,-625409387033.0,-41061488333969.0,31076412522291.0,0.0,125075421125272.0,-121652859327347.0,0.0,0.0,0.0,0.0,0.0,0.0,0.0
HPG,2020,0.0,21932338018863.0,0.0,0.0,-11915645555048,353560779277,-18495398244903,2700000000,16053701595253,9145553263324,4544900252204,5645782700.0,13696099298228,11587249912974,34418355881,0.0,0,-1419473748756,HPG,15356966791701.0,4775781721269.0,28314185442.0,52078870772.0,-490559694590.0,2191680923417.0,-3374026162649.0,-7061024985401.0,4251742399296.0,-89041139127.0,-2027572222288.0,-1716802619015.0,-328363376705.0,-11971173251594.0,5003441426581.0,0.0,83074115401537.0,-65603640057528.0,0.0,0.0,0.0,0.0,0.0,0.0,0.0
MBB,2024,822333000000.0,29963896000000.0,-18228095000000.0,-348289000000.0,-2301696000000,52643000000,-2238209000000,2160445000000,8759748000000,-12054845000000,109095118000000,0.0,97040273000000,-18576384000000,6927000000,-37651000000.0,41568000000,-2806251000000,MBB,0.0,0.0,0.0,0.0,0.0,0.0,0.0,0.0,0.0,0.0,0.0,0.0,0.0,0.0,0.0,0.0,0.0,0.0,0.0,0.0,0.0,0.0,0.0,0.0,0.0
MBB,2023,713381000000.0,31334445000000.0,41543992000000.0,-249380000000.0,-1655386000000,57083000000,-1605413000000,0,1182007000000,40871206000000,68223912000000,0.0,109095118000000,41294612000000,3714000000,-45500000000.0,34676000000,-2266993000000,MBB,0.0,0.0,0.0,0.0,0.0,0.0,0.0,0.0,0.0,0.0,0.0,0.0,0.0,0.0,0.0,0.0,0.0,0.0,0.0,0.0,0.0,0.0,0.0,0.0,0.0
MBB,2022,491344000000.0,29081781000000.0,2111915000000.0,-235586000000.0,-1748106000000,131941000000,-1443168000000,0,2120000000000,2553161000000,65670751000000,0.0,68223912000000,1876329000000,2048000000,-100091000000.0,271040000000,0,MBB,0.0,0.0,0.0,0.0,0.0,0.0,0.0,0.0,0.0,0.0,0.0,0.0,0.0,0.0,0.0,0.0,0.0,0.0,0.0,0.0,0.0,0.0,0.0,0.0,0.0
MBB,2021,557087000000.0,21229572000000.0,4887643000000.0,-419345000000.0,-1259868000000,114835000000,-1123881000000,0,0,3344417000000,62326334000000,0.0,65670751000000,4468298000000,7861000000,0.0,13291000000,0,MBB,0.0,0.0,0.0,0.0,0.0,0.0,0.0,0.0,0.0,0.0,0.0,0.0,0.0,0.0,0.0,0.0,0.0,0.0,0.0,0.0,0.0,0.0,0.0,0.0,0.0
MBB,2020,75057000000.0,15326289000000.0,14968547000000.0,-228688000000.0,-823253000000,92511000000,-718782000000,1719922000000,2292984000000,16314061000000,46012273000000,0.0,62326334000000,14739859000000,4739000000,-602000000.0,7823000000,0,MBB,0.0,0.0,0.0,0.0,0.0,0.0,0.0,0.0,0.0,0.0,0.0,0.0,0.0,0.0,0.0,0.0,0.0,0.0,0.0,0.0,0.0,0.0,0.0,0.0,0.0
MSN,2024,0.0,11376906000000.0,0.0,0.0,-3099300000000,2972095000000,-10693537000000,6411786000000,9671553000000,8503478000000,10124515000000,-10127000000.0,18617866000000,9525462000000,34765000000,-6557257000000.0,4284306000000,-1721291000000,MSN,6024803000000.0,4132955000000.0,1362398000000.0,12608000000.0,-7067273000000.0,6911415000000.0,-337553000000.0,-98554000000.0,2143364000000.0,628346000000.0,-6961019000000.0,-1408359000000.0,-723000000.0,-40732272000000.0,32404126000000.0,0.0,93606481000000.0,-88611315000000.0,0.0,-14108000000.0,0.0,0.0,0.0,0.0,0.0
MSN,2023,0.0,8588080000000.0,0.0,0.0,-2228795000000,1820418000000,-7823672000000,71136000000,3546211000000,-3777000000000,13853100000000,48415000000.0,10124515000000,500461000000,17461000000,-11812000000.0,708600000000,-243821000000,MSN,2562974000000.0,4123663000000.0,407345000000.0,59093000000.0,-5870297000000.0,7422409000000.0,452139000000.0,1076401000000.0,-442419000000.0,426228000000.0,-7902879000000.0,-816207000000.0,0.0,-28673709000000.0,20544165000000.0,0.0,91059079000000.0,-87324894000000.0,0.0,-15289000000.0,0.0,0.0,0.0,0.0,0.0
MSN,2022,0.0,9236720000000.0,0.0,0.0,-4165321000000,632392000000,-26447259000000,-40387000000,21796172000000,-8439939000000,22304822000000,-11783000000.0,13853100000000,-3788852000000,23919000000,-16635561000000.0,283750000000,-1253082000000,MSN,5147150000000.0,4406523000000.0,232844000000.0,-40984000000.0,-5848866000000.0,5340053000000.0,-671677000000.0,-1736144000000.0,-1432197000000.0,95094000000.0,-5070517000000.0,-903262000000.0,-4697000000.0,-11336453000000.0,4750015000000.0,0.0,78059927000000.0,-54956359000000.0,0.0,-13927000000.0,0.0,0.0,0.0,0.0,0.0
MSN,2021,0.0,11185270000000.0,0.0,0.0,-2805427000000,734931000000,6346219000000,17363923000000,7095693000000,14585825000000,7721442000000,-2445000000.0,22304822000000,1143913000000,19279000000,-5260675000000.0,13687176000000,-3442095000000,MSN,11488784000000.0,4631679000000.0,21659000000.0,-24706000000.0,-10025168000000.0,5093022000000.0,-800894000000.0,-2232630000000.0,-655218000000.0,373150000000.0,-5068896000000.0,-1652600000000.0,-4269000000.0,-9264755000000.0,9235690000000.0,-9777448000000.0,60085748000000.0,-57114898000000.0,0.0,-19537000000.0,0.0,0.0,0.0,0.0,0.0
MSN,2020,0.0,6603014000000.0,0.0,0.0,-3678162000000,661442000000,-33757290000000,2386092000000,33330962000000,924971000000,6800528000000,-4057000000.0,7721442000000,1351299000000,56309000000,-27213440000000.0,-1607289000000,-1402069000000,MSN,2324839000000.0,4583989000000.0,252266000000.0,10910000000.0,-3235762000000.0,4008435000000.0,175576000000.0,-1116607000000.0,12219000000.0,449482000000.0,-4213385000000.0,-1029120000000.0,-2014000000.0,-13414750000000.0,11438600000000.0,0.0,87379259000000.0,-55031426000000.0,0.0,-894000000.0,0.0,0.0,0.0,0.0,0.0
MWG,2024,0.0,7393896353367.0,0.0,0.0,-303747827395,2375786074417,-11743285670418,1771634338542,2757475513692,-468477449984,5365704857172,104133542.0,4897331540730,8517332706742,54661690191,0.0,0,-730957694000,MWG,4825763013078.0,2913419081483.0,220952651591.0,25689580954.0,-1729164103487.0,1137236129748.0,151205190961.0,-636927914305.0,3581806724649.0,127788870902.0,-1141521540734.0,-958914978098.0,0.0,-52159250994595.0,38289265386964.0,-9141790000.0,74756279079533.0,-73030338420383.0,0.0,0.0,0.0,0.0,0.0,0.0,0.0
MWG,2023,0.0,3897222853381.0,0.0,0.0,-523383330794,1112667974114,-10831294696942,443220000,7699783102825,304315581953,5061020547422,368727797.0,5365704857172,3435827176070,31276790650,-105597412729.0,0,-731280023500,MWG,689692367896.0,3351314267883.0,-165930068132.0,83631272202.0,-1509203341265.0,1447718354797.0,672440536688.0,4169031757473.0,-3136706601092.0,130000103455.0,-1435731870616.0,-860429603219.0,0.0,-34151374180637.0,22805115462454.0,-9783280000.0,70373733043570.0,-61933329857245.0,0.0,0.0,0.0,0.0,0.0,0.0,0.0
MWG,2022,0.0,10288709224130.0,0.0,0.0,-4465359523505,1137542621557,1549111423316,192628370000,-8606343520918,919066704043,4142015762555,-61919176.0,5061020547422,7976298801645,5331159526,-181034840000.0,0,-731854815000,MWG,6056355373558.0,3540324726294.0,-321799366884.0,284374414.0,-348599792355.0,1362143909103.0,-588827639446.0,3791937421033.0,-2286756979213.0,-101041271147.0,-1322381109404.0,-1805340844308.0,0.0,-20799334065331.0,25851966071069.0,-5025640000.0,65251647851081.0,-73313739286999.0,0.0,0.0,0.0,0.0,0.0,0.0,0.0
MWG,2021,0.0,9286805587692.0,0.0,0.0,-4976876590016,1883709063,-11254869604436,228253030000,7877490879150,-3205988289364,7347857397925,146653994.0,4142015762555,171390435922,1107020670,-16385001737.0,796626468011,-239519441063,MWG,6471583750543.0,2920713608410.0,179550717177.0,-146653994.0,-959323580633.0,674427746189.0,-827596105467.0,-9923705315353.0,3781614904801.0,-27490477725.0,-585136035219.0,-1533102122807.0,0.0,-19225219180045.0,12163993969618.0,-2320000000.0,63936208247950.0,-56045130957737.0,0.0,0.0,0.0,0.0,0.0,0.0,0.0
MWG,2020,0.0,7700024935681.0,0.0,0.0,-3911358160002,335398013989,-8574260892627,105200450000,2014415380732,4232583706879,3115236816468,36874578.0,7347857397925,10792429218774,2018075304,0.0,0,-678908841000,MWG,5409735407353.0,2195583071035.0,58366659386.0,-36874578.0,-557627148536.0,594003821021.0,850493238036.0,6269571171519.0,-1894206905085.0,-75119169600.0,-563748612045.0,-1494585439732.0,0.0,-11512468958904.0,6512150136986.0,-6040930000.0,51168161383884.0,-48573996682152.0,0.0,0.0,0.0,0.0,0.0,0.0,0.0
NVL,2024,0.0,-186100627416.0,0.0,0.0,-5666666667,1315166727468,4210103376708,0,2956154979925,1195080240980,3412524436724,-2756021.0,4607601921683,-5971178115653,7804735388,-3700000000.0,2893613355323,-33759401,NVL,-2555664274349.0,1553032140045.0,340901656636.0,906763500173.0,-724297919592.0,293164269671.0,11428809770160.0,-2135609451531.0,-12814210755554.0,2516656785.0,-1697582324023.0,-569001384074.0,0.0,-2926542452962.0,2929427678158.0,-413083000.0,6089223623609.0,-3132621801283.0,0.0,0.0,0.0,0.0,0.0,0.0,0.0
NVL,2023,0.0,2976706741660.0,0.0,0.0,-12766370275,812736145102,7148556508894,0,-4709715702758,-5187648857368,8600170523502,2770590.0,3412524436724,-7626489663504,89781296895,0.0,8189384151475,-25239053,NVL,1998881691550.0,1106459385516.0,220560611591.0,552276871342.0,-1258547070257.0,357075251918.0,11750687223303.0,-1747003638563.0,-15994763032194.0,-104770211896.0,-4091267220638.0,-416079525176.0,0.0,-4172394695598.0,2241815981295.0,-15000000.0,4876386461232.0,-9586061924937.0,0.0,0.0,0.0,0.0,0.0,0.0,0.0
NVL,2022,0.0,2700766928871.0,0.0,0.0,-293935317230,772471687193,-7965336312285,250941290000,2363121422966,-8648941459312,17249156145556,-44162742.0,8600170523502,-3046726569993,121806663375,-20045623008390.0,7707960177880,-1081850,NVL,3982066348032.0,-227164114697.0,115850774058.0,492288608560.0,-2616317564495.0,954042877413.0,-19468239583927.0,-10443588459744.0,31799573314208.0,-768503964840.0,-6173136680063.0,-693598124498.0,0.0,-10297351483906.0,14069334968793.0,0.0,30149637083585.0,-28037455868769.0,0.0,0.0,0.0,0.0,0.0,0.0,0.0
NVL,2021,0.0,2425900591235.0,0.0,0.0,-895880921185,531509868720,-13134613809310,4591253993600,14983856428888,5690540208826,11558787555672,-171618942.0,17249156145556,3841297589248,2015439112,-13595623128728.0,3103607087438,-467474000,NVL,5086223164450.0,-1267996316672.0,-6602795872.0,-183932403922.0,-1789917676879.0,588126620130.0,-15450033326328.0,-9408262236790.0,32341078794517.0,-496519586817.0,-4490872652256.0,-1079993994313.0,0.0,-10924035996542.0,8643793841875.0,-196049500000.0,36023832294304.0,-25434712885016.0,0.0,0.0,0.0,0.0,0.0,0.0,0.0
NVL,2020,0.0,-151124837420.0,0.0,0.0,-199370665048,288396281192,-4910639836819,668326860000,13489679363493,5093535142471,6466219516377,-967103176.0,11558787555672,-3485504384203,27802740778,-12825776162226.0,10670255300571,-49516473359,NVL,4649022346311.0,736177431407.0,5192553925.0,-27868814565.0,-6091949021258.0,578300666760.0,-14437175827623.0,-14079277627374.0,28866405419147.0,-215741856085.0,-3153979701397.0,-314609953451.0,0.0,-6049173230372.0,3177225898286.0,-1508355000.0,30262787111740.0,-17390409779888.0,0.0,0.0,0.0,0.0,0.0,0.0,0.0
PDR,2024,0.0,255041961737.0,0.0,0.0,-76735554243,7067797960,910159243717,1342646330000,3544612291969,-161430660728,505106794464,0.0,343676133736,-4616202196414,0,-3243000000.0,1083070000000,0,PDR,261706612977.0,16697610399.0,8500000000.0,34904157050.0,-351627419094.0,284861000405.0,-2419264343941.0,-1730318213375.0,-76582238914.0,-34695649813.0,-404685941597.0,-192616557907.0,-13081212604.0,-100000000000.0,0.0,0.0,2626608319627.0,-424642357658.0,0.0,0.0,0.0,0.0,0.0,0.0,0.0
PDR,2023,0.0,381287455189.0,0.0,0.0,-104996189297,4218863784,489825714038,682136810000,-671875747830,243344333922,261762460542,0.0,505106794464,425394367714,0,-3843000000.0,600446039551,0,PDR,889360179562.0,12685366336.0,9000000000.0,22215948341.0,-929012245743.0,377038206693.0,2465297049896.0,-26330423822.0,-1647478743227.0,-939932083.0,-415876206180.0,-321418299445.0,-9146532614.0,-6000000000.0,0.0,0.0,1748544938370.0,-3102557496200.0,0.0,0.0,0.0,0.0,0.0,0.0,0.0
PDR,2022,0.0,986499407384.0,0.0,0.0,-80901043000,8529439509,2584920289509,2590000000,961563834960,-232267795667,494030256209,0.0,261762460542,-3778751920136,0,-1817881107000.0,4475173000000,0,PDR,1482381063986.0,13990105797.0,0.0,24398706415.0,-1069612009925.0,535341541111.0,-2674242178686.0,-1627042818804.0,357835219735.0,-35969853266.0,-502929328313.0,-261360792968.0,-21541575218.0,0.0,0.0,0.0,3249015250161.0,-2290041415201.0,0.0,0.0,0.0,0.0,0.0,0.0,0.0
PDR,2021,0.0,2513095065435.0,0.0,0.0,-45050908771,4182983066,-2753093605383,1162305988000,2396976726400,440863902485,53166353724,0.0,494030256209,796980781468,0,-2756117630259.0,56112000000,-51411600,PDR,2344351806052.0,9537712213.0,0.0,0.0,-4082985108.0,163288532278.0,-1805807253393.0,798192263802.0,251872775575.0,-121473886544.0,-260153728921.0,-545216750385.0,-33527704101.0,-12220049419.0,0.0,0.0,2901150000000.0,-1666427850000.0,0.0,0.0,0.0,0.0,0.0,0.0,0.0
PDR,2020,0.0,1567251256382.0,0.0,0.0,-484545332616,5222334350,-4293020818683,0,-684876836938,-593168055722,646334409446,0.0,53166353724,4384729599899,0,-3864327521217.0,60000000000,-392949253200,PDR,1540220143183.0,7319208489.0,0.0,-900000000.0,-5222334350.0,25834239060.0,838561385547.0,1610545181604.0,758747183095.0,66735558633.0,-284440701611.0,-146852552847.0,-25817710904.0,-9370299200.0,0.0,0.0,1161200000000.0,-1453127583738.0,0.0,0.0,0.0,0.0,0.0,0.0,0.0
PLX,2024,0.0,5640584584264.0,0.0,0.0,-1995731599636,1339532126854,2551482272647,0,-4041313393727,883159652074,14048245083619,1664056622.0,14933068792315,2372990773154,44365512966,0.0,0,-2107418183785,PLX,3972180279455.0,2177193998275.0,456775412122.0,-10878154953.0,-1546179461991.0,568190119356.0,-1986871618966.0,-1069142043359.0,2686050322105.0,-321976620446.0,-594550108333.0,-908627737024.0,-1078126941733.0,-22861164367130.0,26024480599593.0,0.0,71468190918980.0,-73402086128922.0,5650936646.0,0.0,0.0,0.0,0.0,0.0,0.0
PLX,2023,0.0,5780982551003.0,0.0,0.0,-1652018073110,1446768601730,-7074850993031,0,4244576272970,2443298431100,11606028926698,-1082274179.0,14048245083619,5273573151161,32687539636,0.0,2573005260000,-1099707459657,PLX,3947390245604.0,2184794870169.0,141013749897.0,13287356000.0,-2465763180879.0,898602546828.0,2148238587213.0,2623792411518.0,-3354468238187.0,-103026230738.0,-851560272409.0,-433197206807.0,-542538240177.0,-28587141387911.0,19111847066624.0,0.0,82478085876631.0,-77133802144004.0,5073063929.0,0.0,0.0,0.0,0.0,0.0,0.0
PLX,2022,0.0,5136164763611.0,0.0,0.0,-2120326212286,1338717647333,3004001402092,0,-2706284331450,5389480938904,6192497034229,24050953565.0,11606028926698,5091763868262,240946231572,0.0,11456443370,-1745540077268,PLX,2270127396278.0,2168347034003.0,-330850092745.0,30771697079.0,-1818236638776.0,644056268958.0,-4447132923679.0,-3914561991328.0,9905899638963.0,142238137469.0,-632180251380.0,-454879657355.0,-643783848039.0,-19910645623653.0,23443852915756.0,0.0,95830465664336.0,-96791209918518.0,0.0,0.0,0.0,0.0,0.0,0.0,0.0
PLX,2021,0.0,1734526843780.0,0.0,0.0,-1649256443536,1021964336550,-4444791988075,2952954993225,685838600275,-4415275499622,10611737373774,-3964839923.0,6192497034229,-656322111822,394087841914,64511740837.0,0,-1619733228598,PLX,3789339721584.0,2248265002591.0,279968890376.0,68768489071.0,-1405725004999.0,602527447452.0,-838938801470.0,-3965004302441.0,3832204996992.0,28427493822.0,-627575450493.0,-415701573416.0,-409157160949.0,-24869474207991.0,20593374744151.0,0.0,69085427413000.0,-69732810577352.0,2577422353.0,0.0,0.0,0.0,0.0,0.0,0.0
PLX,2020,0.0,5222023016514.0,0.0,0.0,-1856667096437,1370871472966,-3842516278004,1342822007427,-2171077873921,-664229673030,11275206410674,760636130.0,10611737373774,5349364478895,82090590101,-127038478772.0,0,-3971129966069,PLX,1409580992044.0,2146848020219.0,56453899658.0,33000880854.0,-1350373623603.0,706153423148.0,1309877723914.0,2617517690037.0,-2303181407015.0,225427957559.0,-676261501768.0,-529160673977.0,-524335855958.0,-15911332904561.0,12599560138699.0,0.0,64510123954067.0,-64052893869346.0,7457529589.0,0.0,0.0,0.0,0.0,0.0,0.0
POW,2024,0.0,4282756307480.0,0.0,0.0,-9792927471645,541882196054,-10973380976762,21000000000,9754155607172,3124589714649,8439697613959,61236409.0,11564348565017,4343815084239,2475517704,0.0,0,-132353448916,POW,1383241166627.0,2818161656247.0,155269273171.0,134309782307.0,-589872207051.0,381646636179.0,3595706024817.0,391856285030.0,-2830835116161.0,-215897504127.0,-450679477899.0,-258708324717.0,-170392290184.0,-6452391588588.0,4727580369713.0,0.0,15799893040032.0,-5934383983944.0,9180000.0,0.0,0.0,0.0,0.0,0.0,0.0
POW,2023,0.0,5488501350175.0,0.0,0.0,-6312368226884,473105817414,-6485408169480,81900000000,3320878741467,187591543342,8251731998519,374072098.0,8439697613959,3352120971355,124902823533,-30000000000.0,0,-365053044540,POW,1442068034314.0,2808755417224.0,1361328008017.0,-10629794921.0,-677768954037.0,564748639578.0,-3490895796955.0,-20788523988.0,6224780469427.0,-3961662981705.0,-522534500400.0,-219902057214.0,-145379967985.0,-3071237790416.0,2330189206873.0,0.0,13107063893530.0,-9503032107523.0,2980000.0,0.0,0.0,0.0,0.0,0.0,0.0
POW,2022,0.0,5456202259794.0,0.0,0.0,-2601389455204,361408783641,-3373834135081,0,245486264177,28040632300,8223693034528,-1668309.0,8251731998519,3156388503204,1872213682,-21850000000.0,4718680000,-198870914499,POW,2809234173340.0,2809393991244.0,-192495906469.0,36370258283.0,-443826593401.0,437526336797.0,-4779132258875.0,-145522234864.0,1399054910828.0,1920950440544.0,-441185336920.0,-85856641570.0,-169036498659.0,-1661161357200.0,542567000000.0,0.0,8027461182658.0,-7583104003982.0,913862926.0,0.0,0.0,0.0,0.0,0.0,0.0
POW,2021,0.0,4485416473048.0,0.0,0.0,-285746698682,304771147002,562614714354,0,-4555347066809,1154001068622,7069700305112,-8339206.0,8223693034528,5146733421077,1945727273,-53369864147.0,525636630123,-710198848892,POW,2339300278897.0,2817966830053.0,-522141322998.0,-40636879981.0,-618716824288.0,509644391365.0,1741937232933.0,-391235453586.0,2056908109776.0,-1692655832110.0,-531842668922.0,-340177154167.0,-181642665895.0,-499599227215.0,568977000000.0,0.0,14980777529361.0,-18825925747278.0,25380000.0,0.0,0.0,0.0,0.0,0.0,0.0
POW,2020,0.0,7698312833482.0,0.0,0.0,-145573872673,374075946447,101078740703,125130000000,-6071316857243,1986418858467,5083277330894,4115751.0,7069700305112,7956656975007,3251078268,0.0,0,-1025180355668,POW,2875097434493.0,2823855462192.0,1571440776832.0,5525689260.0,-386841040474.0,809234511179.0,1294539596750.0,-240536582129.0,675813619975.0,-115704626160.0,-893368318908.0,-329771300000.0,-132651248003.0,-510674411339.0,380000000000.0,0.0,14184792268744.0,-19356058770319.0,23000000.0,0.0,0.0,0.0,0.0,0.0,0.0
SAB,2024,0.0,4980056230192.0,0.0,0.0,-296018278038,1387123683050,18884385322,0,-4943450227964,-562056274102,5039908030600,-350089172.0,4477501667326,4362509568540,3524838452,-954279098706.0,0,-4658550227964,SAB,5647358628166.0,548883626755.0,4315069033.0,580733992.0,-1248531376385.0,27449548631.0,13722096167.0,345459551432.0,208910758673.0,123176401221.0,-27622609286.0,-1156741713349.0,-124451146510.0,-20386135177101.0,20264668417665.0,0.0,2934074426368.0,-3218974426368.0,0.0,0.0,0.0,0.0,0.0,0.0,0.0
SAB,2023,0.0,4376503974903.0,0.0,0.0,-283734894513,1363536248562,2550929318308,0,-3685025044212,970622531875,4069464160642,-178661917.0,5039908030600,2104718257779,2485031224,-164654149300.0,0,-3354092726063,SAB,5370410404295.0,570032022357.0,3417866623.0,8344264858.0,-1625915309149.0,50214725919.0,-39584410728.0,-135490197099.0,-622465452377.0,-146695187651.0,-50352399174.0,-1099769434435.0,-177428635660.0,-17562407857117.0,19195704939452.0,0.0,4130545304850.0,-4461477622999.0,0.0,0.0,0.0,0.0,0.0,0.0,0.0
SAB,2022,0.0,6059081280429.0,0.0,0.0,-533164261997,1013860242106,-1867768246891,0,-2047707382716,463041793433,3606454403209,-32036000.0,4069464160642,4378517423040,4266273000,0.0,0,-2418865072091,SAB,6813417318962.0,561105325398.0,-375364909.0,-6770234675.0,-1353813061347.0,45517297000.0,-318889338291.0,-524913148727.0,739396642915.0,-94057434127.0,-48765455244.0,-1329727378601.0,-103607745314.0,-22641269675342.0,20288539175342.0,0.0,3279890701619.0,-2908733012244.0,0.0,0.0,0.0,0.0,0.0,0.0,0.0
SAB,2021,0.0,4056683421384.0,0.0,0.0,-329541012650,1111565947946,-1223348339323,0,-1414021691256,880481528803,2726137088387,-164213981.0,3606454403209,3517851559382,3485470000,0.0,444560822504,-1096306570171,SAB,4856894249743.0,557477760126.0,-63136957901.0,-24130427975.0,-1245343063898.0,48739800374.0,-52721845531.0,-223957039716.0,658279721558.0,145399315693.0,-35346961903.0,-919005428188.0,-111479623915.0,-18159840000000.0,15706420432877.0,0.0,2984178514935.0,-3301893636020.0,0.0,0.0,0.0,0.0,0.0,0.0,0.0
SAB,2020,0.0,5537717829157.0,0.0,0.0,-367442290535,1023969279237,-1523225006902,0,-3995120583696,-1389734012942,4115884646637,-13545308.0,2726137088387,4128611577656,1440687000,0.0,0,-3734027010258,SAB,6111818325965.0,593451595931.0,-41308902896.0,10993808785.0,-933512405110.0,63681326473.0,70185855564.0,573632990375.0,-660694079661.0,-44422006927.0,-72029586806.0,-1038633850562.0,-237145573484.0,-16247323041096.0,14066130358492.0,0.0,3061076110807.0,-3309442411518.0,0.0,-12727272727.0,0.0,0.0,-267405919991.0,0.0,0.0
SHB,2024,676327000000.0,14653424000000.0,11949125000000.0,0.0,-210732000000,29502000000,-179988000000,435104000000,-1311389000000,10457748000000,110859786000000,0.0,121317534000000,11949125000000,2474000000,0.0,0,-1746493000000,SHB,0.0,0.0,0.0,0.0,0.0,0.0,0.0,0.0,0.0,0.0,0.0,0.0,0.0,0.0,0.0,0.0,0.0,0.0,0.0,0.0,0.0,0.0,0.0,0.0,0.0
SHB,2023,243550000000.0,19609473000000.0,40770417000000.0,0.0,-240841000000,4958000000,589442000000,0,-165000000,41359694000000,69500092000000,0.0,110859786000000,40770417000000,1780000000,0.0,825440000000,-165000000,SHB,0.0,0.0,0.0,0.0,0.0,0.0,0.0,0.0,0.0,0.0,0.0,0.0,0.0,0.0,0.0,0.0,0.0,0.0,0.0,0.0,0.0,0.0,0.0,0.0,0.0
SHB,2022,60297000000.0,6763990000000.0,-2263194000000.0,0.0,-71255000000,4226000000,-45759000000,0,-122000000,-2309075000000,71809167000000,0.0,69500092000000,-2263194000000,15151000000,0.0,6119000000,-122000000,SHB,0.0,0.0,0.0,0.0,0.0,0.0,0.0,0.0,0.0,0.0,0.0,0.0,0.0,0.0,0.0,0.0,0.0,0.0,0.0,0.0,0.0,0.0,0.0,0.0,0.0
SHB,2021,238319000000.0,13045013000000.0,17690349000000.0,0.0,-195065000000,3750000000,-199689000000,6739434000000,6738501000000,24229161000000,47580006000000,0.0,71809167000000,17690349000000,-9874000000,0.0,1500000000,-933000000,SHB,0.0,0.0,0.0,0.0,0.0,0.0,0.0,0.0,0.0,0.0,0.0,0.0,0.0,0.0,0.0,0.0,0.0,0.0,0.0,0.0,0.0,0.0,0.0,0.0,0.0
SHB,2020,257524000000.0,8274574000000.0,-6071092000000.0,0.0,-116006000000,-14931000000,-130401000000,2959560000000,2959115000000,-3242378000000,50822384000000,0.0,47580006000000,-6071092000000,536000000,0.0,0,-445000000,SHB,0.0,0.0,0.0,0.0,0.0,0.0,0.0,0.0,0.0,0.0,0.0,0.0,0.0,0.0,0.0,0.0,0.0,0.0,0.0,0.0,0.0,0.0,0.0,0.0,0.0
SSI,2024,0.0,-5159488790080.0,0.0,0.0,-436566898855,174138190772,801532980280,2363708005000,3207880436460,-254905290009,493905528209,2242128654.0,239000238200,-4264318706749,83961688363,-820000000000.0,1800000000000,-1505962969000,SSI,3543527483662.0,107560149828.0,34901144786.0,-12820407968.0,-231008960449.0,1505764783295.0,-239769234000.0,0.0,-832095463602.0,17182696387.0,-1498915329918.0,-849075293090.0,-97301901401.0,0.0,0.0,0.0,257590541631577.0,-255240406231117.0,4178301935572.0,0.0,0.0,0.0,-4150286468848.0,-808677619377.0,-828113819933.0
SSI,2023,0.0,-15639642283141.0,0.0,0.0,-98980292042,173831205477,-73958315037,100000000000,13843087119205,-923901734522,1417807262731,3155957416.0,493905528209,-14693030538690,47830771528,-346640000000.0,150000000000,-1496666111000,SSI,2848566970193.0,105753994595.0,0.0,-68762944467.0,-237483528681.0,1570439043267.0,1536677426.0,0.0,549957324730.0,33880427080.0,-1567902554040.0,-286888581370.0,-73735428497.0,0.0,0.0,0.0,456844448643479.0,-441604695413274.0,3203993019243.0,0.0,0.0,0.0,-3378218475508.0,1377837316748.0,162065469750.0
SSI,2022,0.0,-7787544022602.0,0.0,0.0,-180336153966,259926465721,4088893254310,7627988625000,3363272082377,303572231230,1114235031501,-1476043941.0,1417807262731,-7148593105457,38972728,-2900000000000.0,6909263969827,-991140071500,SSI,2109703391777.0,88676230141.0,-1167906276.0,62570946510.0,-245547898154.0,1030649945603.0,251819082850.0,0.0,293604863381.0,-49237136032.0,-1061026665523.0,-647985350710.0,-115357167012.0,0.0,0.0,-1367229400.0,339286560127152.0,-342558769368875.0,2510300849506.0,0.0,0.0,0.0,-2642816759174.0,-346989269424.0,-3711583036900.0
SSI,2021,0.0,-11811332727042.0,0.0,0.0,-165135023133,566748774618,2840526418847,1202336556685,8329773000720,750983130018,363251901483,-368556503.0,1114235031501,-10419316289549,512636363,-5136242200000.0,7574642230999,-647156463350,SSI,3365038841169.0,64114904375.0,-43244042982.0,32352977726.0,-838164923344.0,1029858485847.0,-216958447918.0,0.0,15284198117.0,-26030441483.0,-1023521441874.0,-484434955032.0,-83525364956.0,0.0,0.0,-1149759050.0,254647760778016.0,-246872018111581.0,2107078521424.0,0.0,0.0,0.0,-2029028569735.0,-1040201148837.0,3849869244556.0
SSI,2020,0.0,-12523017570098.0,0.0,0.0,-59039058233,706398742493,4278162737377,100000000000,7317901677213,-677530708871,1040782610354,-264724688.0,363251901483,-12273595123461,1551381817,-6500000000000.0,10129251671300,-598997932000,SSI,1557553285063.0,52843245737.0,621466516.0,-44551479388.0,-764452541360.0,829431323088.0,0.0,0.0,-21855684883.0,5532176405.0,-786712994161.0,-241876959980.0,-36406850916.0,0.0,0.0,-15535484501.0,128576092718449.0,-120743657624735.0,875074126310.0,0.0,0.0,0.0,-924978788358.0,-189797939746.0,440444778883.0
STB,2024,-215173000000.0,12052795000000.0,39229321000000.0,-864072000000.0,-1015860000000,4641000000,-1007900000000,0,-1459275000000,35898074000000,70507716000000,87265000000.0,106493055000000,38365249000000,2947000000,0.0,372000000,-2000000,STB,0.0,0.0,0.0,0.0,0.0,0.0,0.0,0.0,0.0,0.0,0.0,0.0,0.0,0.0,0.0,0.0,0.0,0.0,0.0,0.0,0.0,0.0,0.0,0.0,0.0
STB,2023,243927000000.0,18054212000000.0,26761422000000.0,-10068000000.0,-1287591000000,22837000000,-1254833000000,0,-37103000000,25459418000000,45104295000000,-55997000000.0,70507716000000,26751354000000,9921000000,0.0,0,-25000000,STB,0.0,0.0,0.0,0.0,0.0,0.0,0.0,0.0,0.0,0.0,0.0,0.0,0.0,0.0,0.0,0.0,0.0,0.0,0.0,0.0,0.0,0.0,0.0,0.0,0.0
STB,2022,295376000000.0,19280234000000.0,15553904000000.0,-13412000000.0,-1142501000000,12466000000,1711806000000,0,-11773000000,17240525000000,28070625000000,-206855000000.0,45104295000000,15540492000000,2841841000000,0.0,0,-173000000,STB,0.0,0.0,0.0,0.0,0.0,0.0,0.0,0.0,0.0,0.0,0.0,0.0,0.0,0.0,0.0,0.0,0.0,0.0,0.0,0.0,0.0,0.0,0.0,0.0,0.0
STB,2021,-92513000000.0,14170428000000.0,-11851116000000.0,-28267000000.0,-606832000000,2129000000,-82941000000,0,4770149000000,-7192175000000,35374920000000,-112120000000.0,28070625000000,-11879383000000,345743000000,0.0,176019000000,-89000000,STB,0.0,0.0,0.0,0.0,0.0,0.0,0.0,0.0,0.0,0.0,0.0,0.0,0.0,0.0,0.0,0.0,0.0,0.0,0.0,0.0,0.0,0.0,0.0,0.0,0.0
STB,2020,1027851000000.0,11396432000000.0,3003511000000.0,-16805000000.0,-981278000000,6942000000,-657395000000,0,-371000000,2328940000000,33096040000000,-50060000000.0,35374920000000,2986706000000,309001000000,0.0,7940000000,-371000000,STB,0.0,0.0,0.0,0.0,0.0,0.0,0.0,0.0,0.0,0.0,0.0,0.0,0.0,0.0,0.0,0.0,0.0,0.0,0.0,0.0,0.0,0.0,0.0,0.0,0.0
TCB,2024,-2359679000000.0,31037437000000.0,42379134000000.0,-2579000000.0,-1618886000000,64561000000,-382599000000,200495000000,-5009760000000,36984196000000,110500219000000,0.0,147484415000000,42376555000000,1741528000000,-56278000000.0,0,-5210255000000,TCB,0.0,0.0,0.0,0.0,0.0,0.0,0.0,0.0,0.0,0.0,0.0,0.0,0.0,0.0,0.0,0.0,0.0,0.0,0.0,0.0,0.0,0.0,0.0,0.0,0.0
TCB,2023,1384616000000.0,24938816000000.0,12058300000000.0,-5013000000.0,-1232358000000,34756000000,-2912466000000,52664000000,53518000000,9194339000000,101305880000000,0.0,110500219000000,12053287000000,22156000000,-3033432000000.0,0,854000000,TCB,0.0,0.0,0.0,0.0,0.0,0.0,0.0,0.0,0.0,0.0,0.0,0.0,0.0,0.0,0.0,0.0,0.0,0.0,0.0,0.0,0.0,0.0,0.0,0.0,0.0
TCB,2022,605946000000.0,29013569000000.0,55473357000000.0,-4856000000.0,-1110111000000,8776000000,-1057275000000,65072000000,-709576000000,53701650000000,47604230000000,0.0,101305880000000,55468501000000,44111000000,0.0,0,-74648000000,TCB,0.0,0.0,0.0,0.0,0.0,0.0,0.0,0.0,0.0,0.0,0.0,0.0,0.0,0.0,0.0,0.0,0.0,0.0,0.0,0.0,0.0,0.0,0.0,0.0,0.0
TCB,2021,816228000000.0,23061616000000.0,12838970000000.0,-10749000000.0,-939995000000,4043000000,-879943000000,60053000000,60053000000,12008331000000,35595899000000,0.0,47604230000000,12828221000000,57506000000,-1497000000.0,0,0,TCB,0.0,0.0,0.0,0.0,0.0,0.0,0.0,0.0,0.0,0.0,0.0,0.0,0.0,0.0,0.0,0.0,0.0,0.0,0.0,0.0,0.0,0.0,0.0,0.0,0.0
TCB,2020,1190483000000.0,17631283000000.0,-10087852000000.0,-615000000.0,-665860000000,4191000000,-655391000000,47602000000,-174546000000,-10918404000000,46514303000000,0.0,35595899000000,-10088467000000,6837000000,0.0,0,-65086000000,TCB,0.0,0.0,0.0,0.0,0.0,0.0,0.0,0.0,0.0,0.0,0.0,0.0,0.0,0.0,0.0,0.0,0.0,0.0,0.0,0.0,0.0,0.0,0.0,0.0,0.0
TPB,2024,-315822000000.0,10064340000000.0,40343273000000.0,0.0,-377749000000,0,-399918000000,0,763682000000,40707037000000,45441602000000,0.0,86148639000000,40343273000000,251000000,-22420000000.0,0,-1100818000000,TPB,0.0,0.0,0.0,0.0,0.0,0.0,0.0,0.0,0.0,0.0,0.0,0.0,0.0,0.0,0.0,0.0,0.0,0.0,0.0,0.0,0.0,0.0,0.0,0.0,0.0
TPB,2023,-409461000000.0,8374931000000.0,-7879375000000.0,0.0,-485789000000,0,-485305000000,0,1504711000000,-6859969000000,52301571000000,0.0,45441602000000,-7879375000000,484000000,0.0,0,-3954389000000,TPB,0.0,0.0,0.0,0.0,0.0,0.0,0.0,0.0,0.0,0.0,0.0,0.0,0.0,0.0,0.0,0.0,0.0,0.0,0.0,0.0,0.0,0.0,0.0,0.0,0.0
TPB,2022,79515000000.0,9499232000000.0,-1705894000000.0,0.0,-426031000000,0,-425443000000,0,-2028300000000,-4159637000000,56461208000000,0.0,52301571000000,-1705894000000,629000000,0.0,0,0,TPB,0.0,0.0,0.0,0.0,0.0,0.0,0.0,0.0,0.0,0.0,0.0,0.0,0.0,0.0,0.0,0.0,0.0,0.0,0.0,0.0,0.0,0.0,0.0,0.0,0.0
TPB,2021,-2345000000.0,7937130000000.0,34229257000000.0,0.0,-629215000000,0,-629049000000,3283500000000,2852193000000,36452401000000,20008807000000,0.0,56461208000000,34229257000000,166000000,0.0,0,0,TPB,0.0,0.0,0.0,0.0,0.0,0.0,0.0,0.0,0.0,0.0,0.0,0.0,0.0,0.0,0.0,0.0,0.0,0.0,0.0,0.0,0.0,0.0,0.0,0.0,0.0
TPB,2020,555774000000.0,5826546000000.0,-13230841000000.0,0.0,-410688000000,0,-410687000000,390694000000,4451534000000,-9189994000000,29198801000000,0.0,20008807000000,-13230841000000,1000000,0.0,0,0,TPB,0.0,0.0,0.0,0.0,0.0,0.0,0.0,0.0,0.0,0.0,0.0,0.0,0.0,0.0,0.0,0.0,0.0,0.0,0.0,0.0,0.0,0.0,0.0,0.0,0.0
VCB,2024,-1390558000000.0,30183878000000.0,61999557000000.0,-2876726000000.0,-1480121000000,160709000000,-1307413000000,0,-19963000000,57795455000000,372818730000000,0.0,430614185000000,59122831000000,12504000000,0.0,747000000,-19963000000,VCB,0.0,0.0,0.0,0.0,0.0,0.0,0.0,0.0,0.0,0.0,0.0,0.0,0.0,0.0,0.0,0.0,0.0,0.0,0.0,0.0,0.0,0.0,0.0,0.0,0.0
VCB,2023,179388000000.0,43370999000000.0,-35738696000000.0,-2802834000000.0,-1008160000000,146088000000,-859407000000,0,-15627000000,-39416564000000,412235294000000,0.0,372818730000000,-38541530000000,9435000000,0.0,0,-15627000000,VCB,0.0,0.0,0.0,0.0,0.0,0.0,0.0,0.0,0.0,0.0,0.0,0.0,0.0,0.0,0.0,0.0,0.0,0.0,0.0,0.0,0.0,0.0,0.0,0.0,0.0
VCB,2022,-351728000000.0,43769595000000.0,185960143000000.0,-2538654000000.0,-711567000000,106555000000,-392168000000,0,-3348022000000,179681299000000,232553995000000,0.0,412235294000000,183421489000000,15753000000,0.0,201899000000,-3348022000000,VCB,0.0,0.0,0.0,0.0,0.0,0.0,0.0,0.0,0.0,0.0,0.0,0.0,0.0,0.0,0.0,0.0,0.0,0.0,0.0,0.0,0.0,0.0,0.0,0.0,0.0
VCB,2021,-526224000000.0,32489056000000.0,-53766010000000.0,-2786463000000.0,-1621433000000,93953000000,-1589936000000,0,-1886298000000,-60028707000000,292582702000000,0.0,232553995000000,-56552473000000,8456000000,-83502000000.0,13791000000,-1886298000000,VCB,0.0,0.0,0.0,0.0,0.0,0.0,0.0,0.0,0.0,0.0,0.0,0.0,0.0,0.0,0.0,0.0,0.0,0.0,0.0,0.0,0.0,0.0,0.0,0.0,0.0
VCB,2020,-628988000000.0,29528536000000.0,27469577000000.0,-1866142000000.0,-3001902000000,83959000000,-2305153000000,0,-2986115000000,20312167000000,272270535000000,0.0,292582702000000,25603435000000,10569000000,0.0,605274000000,-2986115000000,VCB,0.0,0.0,0.0,0.0,0.0,0.0,0.0,0.0,0.0,0.0,0.0,0.0,0.0,0.0,0.0,0.0,0.0,0.0,0.0,0.0,0.0,0.0,0.0,0.0,0.0
VHM,2024,0.0,26115116000000.0,0.0,0.0,-10645071000000,15613124000000,25384515000000,22000000000,11691977000000,14676942000000,14103181000000,0.0,28780123000000,-22399550000000,2469768000000,-38422610000000.0,65870603000000,-605236000000,VHM,40847949000000.0,1800478000000.0,205980000000.0,245798000000.0,-24574340000000.0,7589251000000.0,-95391366000000.0,7568800000000.0,59350686000000.0,-674134000000.0,-6976847000000.0,-10891805000000.0,0.0,-17790617000000.0,8289318000000.0,-10485188000000.0,80497407000000.0,-57737006000000.0,0.0,0.0,0.0,0.0,0.0,0.0,0.0
VHM,2023,0.0,31103340000000.0,0.0,0.0,-9987878000000,8676566000000,-18631955000000,5700000000,20401462000000,3286398000000,10816783000000,0.0,14103181000000,1516891000000,2774668000000,-46176139000000.0,25936626000000,0,VHM,43310285000000.0,1436293000000.0,153498000000.0,156755000000.0,-17006296000000.0,3052805000000.0,-48765045000000.0,-977614000000.0,24225002000000.0,3567140000000.0,-4176671000000.0,-5812208000000.0,0.0,-33625022000000.0,33769224000000.0,0.0,53107991000000.0,-32712229000000.0,0.0,0.0,0.0,0.0,0.0,0.0,0.0
VHM,2022,0.0,29335520000000.0,0.0,0.0,-18299050000000,5339217000000,-26828821000000,0,1499654000000,6191023000000,4625760000000,0.0,10816783000000,31520190000000,48256000000,-54766770000000.0,38362523000000,-9383745000000,VHM,38642699000000.0,1216548000000.0,1114361000000.0,-3474000000.0,-13710128000000.0,2075514000000.0,-49977318000000.0,-30770024000000.0,94860621000000.0,-3998609000000.0,-3768556000000.0,-4135049000000.0,0.0,-7989295000000.0,10476298000000.0,0.0,24760212000000.0,-13876813000000.0,0.0,0.0,0.0,0.0,0.0,0.0,0.0
VHM,2021,0.0,44370879000000.0,0.0,0.0,-17897772000000,3822950000000,-21996264000000,6514952000000,-4165146000000,-9087891000000,13713651000000,0.0,4625760000000,17073519000000,46313000000,-11582408000000.0,7582472000000,-5198724000000,VHM,48182977000000.0,1087692000000.0,519326000000.0,-5785000000.0,-7761492000000.0,2348161000000.0,-7504351000000.0,15113996000000.0,-21599280000000.0,796778000000.0,-2386255000000.0,-9751018000000.0,0.0,-16805425000000.0,12837606000000.0,0.0,13819877000000.0,-19301251000000.0,0.0,0.0,0.0,0.0,0.0,0.0,0.0
VHM,2020,0.0,20786589000000.0,0.0,0.0,-3499515000000,1234721000000,-22419597000000,62000000000,-2081100000000,381352000000,13332299000000,0.0,13713651000000,24882049000000,430202000000,-53487656000000.0,21317425000000,-217694000000,VHM,36516837000000.0,541936000000.0,938172000000.0,681000000.0,-20212609000000.0,3001572000000.0,5598479000000.0,13823705000000.0,-7057322000000.0,410876000000.0,-2423545000000.0,-6256733000000.0,0.0,-4826147000000.0,16411373000000.0,-848308000000.0,19662865000000.0,-20739963000000.0,0.0,0.0,0.0,0.0,0.0,0.0,0.0
VIB,2024,53057000000.0,11658937000000.0,-1492493000000.0,0.0,-225579000000,3746000000,-221643000000,0,-3170875000000,-4885011000000,66280997000000,0.0,61395986000000,-1492493000000,190000000,0.0,0,-3171009000000,VIB,0.0,0.0,0.0,0.0,0.0,0.0,0.0,0.0,0.0,0.0,0.0,0.0,0.0,0.0,0.0,0.0,0.0,0.0,0.0,0.0,0.0,0.0,0.0,0.0,0.0
VIB,2023,96477000000.0,12798280000000.0,29818230000000.0,0.0,-223136000000,3345000000,-217403000000,0,-3161417000000,26439410000000,39841587000000,0.0,66280997000000,29818230000000,2388000000,0.0,0,-3161510000000,VIB,0.0,0.0,0.0,0.0,0.0,0.0,0.0,0.0,0.0,0.0,0.0,0.0,0.0,0.0,0.0,0.0,0.0,0.0,0.0,0.0,0.0,0.0,0.0,0.0,0.0
VIB,2022,-23991000000.0,11469045000000.0,1917733000000.0,0.0,-240718000000,2895000000,-235781000000,0,60000000,1682012000000,38159575000000,0.0,39841587000000,1917733000000,2042000000,0.0,0,0,VIB,0.0,0.0,0.0,0.0,0.0,0.0,0.0,0.0,0.0,0.0,0.0,0.0,0.0,0.0,0.0,0.0,0.0,0.0,0.0,0.0,0.0,0.0,0.0,0.0,0.0
VIB,2021,5632000000.0,7739151000000.0,9634418000000.0,0.0,-326118000000,1766000000,-321462000000,0,130000000,9313086000000,28846489000000,0.0,38159575000000,9634418000000,0,0.0,2890000000,0,VIB,0.0,0.0,0.0,0.0,0.0,0.0,0.0,0.0,0.0,0.0,0.0,0.0,0.0,0.0,0.0,0.0,0.0,0.0,0.0,0.0,0.0,0.0,0.0,0.0,0.0
VIB,2020,68566000000.0,6099743000000.0,5903714000000.0,0.0,-132196000000,1941000000,-130197000000,0,0,5773517000000,23072972000000,0.0,28846489000000,5903714000000,58000000,0.0,0,0,VIB,0.0,0.0,0.0,0.0,0.0,0.0,0.0,0.0,0.0,0.0,0.0,0.0,0.0,0.0,0.0,0.0,0.0,0.0,0.0,0.0,0.0,0.0,0.0,0.0,0.0
VIC,2024,0.0,32282622000000.0,0.0,0.0,-48567437000000,1778910000000,-16843087000000,15659006000000,10934354000000,14937764000000,27982623000000,-338021000000.0,42582366000000,20846497000000,3258753000000,-37678330000000.0,79148667000000,-666188000000,VIC,16738706000000.0,22627124000000.0,10427372000000.0,2567767000000.0,-43058391000000.0,22980044000000.0,-95017737000000.0,-23011001000000.0,145453938000000.0,-2666968000000.0,-23899300000000.0,-11845057000000.0,0.0,-30459458000000.0,15675808000000.0,-10485188000000.0,157705768000000.0,-151150244000000.0,0.0,-128800000000.0,0.0,0.0,0.0,0.0,0.0
VIC,2023,0.0,40291296000000.0,0.0,0.0,-54548151000000,1836680000000,-26985408000000,10752548000000,48718276000000,1721200000000,26213302000000,48121000000.0,27982623000000,-20011668000000,5774148000000,-26339194000000.0,47294434000000,-60950000000,VIC,13769352000000.0,17605842000000.0,6442431000000.0,2523845000000.0,-17296045000000.0,17245871000000.0,-50508784000000.0,-9345650000000.0,17867029000000.0,650334000000.0,-14438520000000.0,-6880320000000.0,0.0,-13925224000000.0,12921899000000.0,0.0,115658072000000.0,-77620096000000.0,0.0,-11298000000.0,0.0,0.0,0.0,0.0,0.0
VIC,2022,0.0,14764165000000.0,0.0,0.0,-75160452000000,5812574000000,-20958571000000,4723482000000,24114571000000,7959840000000,18352236000000,-98774000000.0,26213302000000,4803840000000,3323256000000,-11636655000000.0,50942091000000,-3382021000000,VIC,12755518000000.0,21284073000000.0,3325467000000.0,1847813000000.0,-35207028000000.0,10758322000000.0,-56073019000000.0,-47051573000000.0,107552634000000.0,-2538613000000.0,-9901728000000.0,-4504574000000.0,0.0,-5398167000000.0,11158782000000.0,0.0,70060373000000.0,-47287263000000.0,0.0,0.0,0.0,0.0,0.0,0.0,0.0
VIC,2021,0.0,30658828000000.0,0.0,0.0,-36840586000000,1665964000000,-22383790000000,20461915000000,25672025000000,-10917669000000,29403688000000,-133783000000.0,18352236000000,-14205904000000,79459000000,-4738560000000.0,16765078000000,-1718207000000,VIC,3146451000000.0,14919628000000.0,10100081000000.0,-508816000000.0,-7287409000000.0,10288893000000.0,-16715014000000.0,12889865000000.0,-24749053000000.0,2669686000000.0,-9217300000000.0,-10731071000000.0,0.0,-12270575000000.0,12955430000000.0,-4250000000.0,70266832000000.0,-63334265000000.0,0.0,0.0,0.0,0.0,0.0,0.0,0.0
VIC,2020,0.0,21608238000000.0,0.0,0.0,-27543989000000,1123131000000,-16213842000000,8974955000000,11216324000000,10957408000000,18446968000000,-688000000.0,29403688000000,15954926000000,1249983000000,-21962349000000.0,25139678000000,-7188000000,VIC,13942555000000.0,10063535000000.0,6833379000000.0,230354000000.0,-20863970000000.0,11402385000000.0,5078359000000.0,16938693000000.0,-9604723000000.0,-1745361000000.0,-10552304000000.0,-9409698000000.0,0.0,-4183635000000.0,9963339000000.0,-42980000000.0,41249657000000.0,-38958120000000.0,0.0,0.0,0.0,0.0,0.0,0.0,0.0
VJC,2024,0.0,5438722895162.0,0.0,0.0,-8786533082262,224132855494,-10816214209913,0,11964480442811,-533856532869,5050743180748,42097901273.0,4558984549152,-1682122765767,859025556874,0.0,0,-57789721550,VJC,1822616876699.0,613292961764.0,1063193861899.0,-510288540912.0,-762045259263.0,3211952994975.0,2689195758963.0,-1302051216979.0,-4511473565195.0,-792677623135.0,-3203138049663.0,-570964920.0,-130000000.0,-4922958871249.0,1810119331230.0,0.0,61181118746857.0,-48845493809058.0,0.0,-313354773438.0,0.0,0.0,0.0,0.0,0.0
VJC,2023,0.0,5745581685252.0,0.0,0.0,-1425811924197,353865999244,-956706669056,0,8411695683828,3208352073156,1858261735520,-15870627928.0,5050743180748,-4246636941616,2023818105897,0.0,0,0,VJC,606103607021.0,413253679639.0,3711543636438.0,-59094506815.0,-876478926895.0,1950254195864.0,-5993691136973.0,279331528411.0,639223032704.0,-2639461061745.0,-2133310794200.0,-3508148950.0,-140802046115.0,-2186560400000.0,277981550000.0,0.0,34763821531653.0,-26207009542495.0,0.0,-145116305330.0,0.0,0.0,0.0,0.0,0.0
VJC,2022,0.0,433004548853.0,0.0,0.0,-1217474531281,336906630740,-1118338609664,0,3479815389136,-31609105146,1868252946557,21617894109.0,1858261735520,-2393085884618,675212377,0.0,0,0,VJC,-2648658910470.0,79733663056.0,2209609938161.0,-159921609696.0,-431399777771.0,1383641245573.0,-10296343168616.0,-171469041020.0,9834914965147.0,-473124382100.0,-1399077113144.0,-140133402011.0,-180858291727.0,-238445921500.0,0.0,0.0,29657737382993.0,-26177921993857.0,0.0,0.0,0.0,0.0,0.0,0.0,0.0
VJC,2021,0.0,2307806186373.0,0.0,0.0,-174908809761,260368105967,-883295492556,2348654987714,6393143010786,-1040974210823,2926425627363,-17198469983.0,1868252946557,-6550821729053,802487001,-21806385793.0,0,0,VJC,180379522924.0,98078009402.0,1248753445939.0,220650652715.0,-244838291866.0,804782847259.0,-5591418282646.0,-99153768528.0,-1689496549248.0,-866941322443.0,-546700781758.0,-11391168246.0,-53526042557.0,-954307071788.0,6556181818.0,0.0,17361032360990.0,-13316544337918.0,0.0,0.0,0.0,0.0,0.0,0.0,0.0
VJC,2020,0.0,-481120787593.0,0.0,0.0,-293759925297,329815665506,1143089940508,0,-369286822033,-2434154321123,5364049804580,-3469856094.0,2926425627363,-3207957439598,397277400299,0.0,0,0,VJC,-244492770448.0,141435349577.0,-119581017648.0,30763613923.0,-741818692497.0,452572729500.0,-1032209073740.0,35805417710.0,-824443624713.0,-218645374852.0,-432836309700.0,-254507686710.0,0.0,0.0,709756800000.0,0.0,17804330775879.0,-18173617597912.0,0.0,0.0,0.0,0.0,0.0,0.0,0.0
VNM,2024,0.0,12866765388841.0,0.0,0.0,-1741501711051,1473078193247,-3739092638543,722407000000,-6641260238228,-694415337425,2912027359925,8331709575.0,2225943732075,9685937539346,113648911174,0.0,35704764000,-8159626672950,VNM,11599653741335.0,2095159644941.0,27455919490.0,-13348631457.0,-1446896246927.0,279424561295.0,332752274996.0,-53951137836.0,-188120377548.0,91247100626.0,-336687661456.0,-2127692482916.0,-898375565361.0,-3620022795913.0,0.0,0.0,17420429433188.0,-16624469998466.0,0.0,0.0,0.0,0.0,0.0,0.0,0.0
VNM,2023,0.0,12259457530859.0,0.0,0.0,-1579637140762,1367711469062,-2988548510501,489787009008,-4292773661270,606101390592,2299943527624,5982441709.0,2912027359925,7887423562363,104880785286,-35769832735.0,10570000000,-8151596251950,VNM,10967899391486.0,2054586864472.0,26862358183.0,7448121735.0,-1462766141314.0,354094837255.0,-244987138316.0,-1021313389573.0,-443378131758.0,7868182212.0,-302707839570.0,-1564073949237.0,-803441702254.0,-2856303791352.0,0.0,-142548827636.0,11788416965803.0,-8276832556495.0,0.0,0.0,0.0,0.0,0.0,0.0,0.0
VNM,2022,0.0,11903472280607.0,0.0,0.0,-1456914052616,1201019963250,3472771515098,338100000000,-12360289365923,-60244674309,2348551874348,11636327585.0,2299943527624,8827273176516,137125557857,-43175000000.0,0,-8166899618720,VNM,10495534676745.0,2095449858677.0,-4572925078.0,3222766873.0,-1186213742158.0,166039091744.0,-288077307677.0,851263069739.0,-386032574554.0,-73120062114.0,-141304083849.0,-1975289763439.0,-1063638382197.0,0.0,3634715046607.0,0.0,6257530054586.0,-10789019801789.0,0.0,0.0,0.0,0.0,0.0,0.0,0.0
VNM,2021,0.0,14351819307323.0,0.0,0.0,-1531025359270,1000079344561,-3933248087209,317860664553,-5257397637789,241327838895,2111242815581,-4018780128.0,2348551874348,9431973563893,133904995529,-23227732575.0,1336500000,-7620758463150,VNM,12922235486919.0,2121337734780.0,33465629186.0,-1658368628.0,-1060996977860.0,18051638193.0,-516850818361.0,-2260680842222.0,1484048321527.0,115756136.0,-98339684932.0,-2356597912369.0,-1171540563209.0,-3514465835454.0,150000000.0,0.0,9596960360003.0,-7551460199195.0,0.0,0.0,0.0,0.0,0.0,0.0,0.0
VNM,2020,0.0,15090338709748.0,0.0,0.0,-1264816995703,1140545861067,-4802010161311,0,-5926533591385,-548374364468,2665194638452,-5577458403.0,2111242815581,10180169388228,150342752442,-8134000.0,21631584086,-7927711544061,VNM,13518536087024.0,2208866621752.0,49503861013.0,637221447.0,-1482311223047.0,143818465177.0,-714954818416.0,-270075299427.0,-212797659741.0,23640914247.0,-212768515107.0,-2286330907427.0,-1236906523665.0,-4881270877530.0,31565648327.0,-14364328733.0,7769144505494.0,-5753602224085.0,0.0,0.0,0.0,0.0,0.0,0.0,0.0
VPB,2024,-198681000000.0,42259511000000.0,57316185000000.0,0.0,-59296000000,12801000000,-45039000000,0,-7935832000000,49335314000000,93667470000000,0.0,143002784000000,57316185000000,1715000000,0.0,0,-7935832000000,VPB,0.0,0.0,0.0,0.0,0.0,0.0,0.0,0.0,0.0,0.0,0.0,0.0,0.0,0.0,0.0,0.0,0.0,0.0,0.0,0.0,0.0,0.0,0.0,0.0,0.0
VPB,2023,2065153000000.0,36232541000000.0,11459579000000.0,0.0,-107210000000,3147000000,-103098000000,35897546000000,28265818000000,39622299000000,54045171000000,0.0,93667470000000,11459579000000,965000000,0.0,0,-7933924000000,VPB,0.0,0.0,0.0,0.0,0.0,0.0,0.0,0.0,0.0,0.0,0.0,0.0,0.0,0.0,0.0,0.0,0.0,0.0,0.0,0.0,0.0,0.0,0.0,0.0,0.0
VPB,2022,6808756000000.0,37544371000000.0,692537000000.0,0.0,-105899000000,12801000000,-725294000000,0,300000000000,267243000000,53777928000000,0.0,54045171000000,692537000000,3242000000,-635438000000.0,0,0,VPB,0.0,0.0,0.0,0.0,0.0,0.0,0.0,0.0,0.0,0.0,0.0,0.0,0.0,0.0,0.0,0.0,0.0,0.0,0.0,0.0,0.0,0.0,0.0,0.0,0.0
VPB,2021,-481781000000.0,29265887000000.0,5115790000000.0,0.0,-39377000000,1967000000,25882907000000,0,-111960000000,30886737000000,22891191000000,0.0,53777928000000,5115790000000,3103000000,-16500000000.0,25933714000000,0,VPB,0.0,0.0,0.0,0.0,0.0,0.0,0.0,0.0,0.0,0.0,0.0,0.0,0.0,0.0,0.0,0.0,0.0,0.0,0.0,0.0,0.0,0.0,0.0,0.0,0.0
VPB,2020,90068000000.0,25933405000000.0,1319553000000.0,0.0,-25534000000,5013000000,5193000000,0,170000000000,1494746000000,21396445000000,0.0,22891191000000,1319553000000,25714000000,0.0,0,0,VPB,0.0,0.0,0.0,0.0,0.0,0.0,0.0,0.0,0.0,0.0,0.0,0.0,0.0,0.0,0.0,0.0,0.0,0.0,0.0,0.0,0.0,0.0,0.0,0.0,0.0
VRE,2024,0.0,5597370000000.0,0.0,0.0,-4192445000000,630199000000,-2463203000000,362000000,488225000000,-1216869000000,4101549000000,0.0,2884680000000,758109000000,11029000000,-352000000.0,0,0,VRE,5133329000000.0,1379104000000.0,239395000000.0,71665000000.0,-1792224000000.0,566101000000.0,-6408007000000.0,344947000000.0,2950184000000.0,-214000000.0,-451815000000.0,-1274356000000.0,0.0,-5341659000000.0,6430025000000.0,0.0,994340000000.0,-485080000000.0,0.0,-21397000000.0,0.0,0.0,0.0,0.0,0.0
VRE,2023,0.0,6253236000000.0,0.0,0.0,-8321768000000,953424000000,-7520834000000,0,710726000000,-2918099000000,7019648000000,0.0,4101549000000,3892009000000,816956000000,1956182000000.0,-6645000000,0,VRE,5526087000000.0,1453931000000.0,87438000000.0,0.0,-1144646000000.0,330426000000.0,-1293682000000.0,543548000000.0,-808470000000.0,66833000000.0,-293139000000.0,-576317000000.0,0.0,4462000000.0,-2923445000000.0,0.0,1782123000000.0,-1050000000000.0,0.0,-21397000000.0,0.0,0.0,0.0,0.0,0.0
VRE,2022,0.0,4815961000000.0,0.0,0.0,-2538150000000,443224000000,-1327700000000,2000000,-21395000000,3722588000000,3297060000000,0.0,7019648000000,5071683000000,374468000000,0.0,0,0,VRE,3524490000000.0,1451929000000.0,25679000000.0,0.0,-545292000000.0,359155000000.0,-214005000000.0,-502634000000.0,1614418000000.0,-167974000000.0,-314988000000.0,-159095000000.0,0.0,-109394000000.0,502152000000.0,0.0,0.0,0.0,0.0,-21397000000.0,0.0,0.0,0.0,0.0,0.0
VRE,2021,0.0,3466142000000.0,0.0,0.0,-1567282000000,401827000000,1162212000000,0,-2621378000000,246153000000,3050907000000,0.0,3297060000000,1705319000000,915063000000,0.0,0,0,VRE,1692277000000.0,1492420000000.0,143814000000.0,0.0,-348545000000.0,486176000000.0,-380981000000.0,-52343000000.0,-366521000000.0,142473000000.0,-519699000000.0,-583752000000.0,0.0,-2258396000000.0,3671000000000.0,0.0,0.0,-2600000000000.0,0.0,-21378000000.0,0.0,0.0,0.0,0.0,0.0
VRE,2020,0.0,4669948000000.0,0.0,0.0,-4377225000000,243664000000,-5259385000000,0,2899572000000,1662563000000,1388344000000,0.0,3050907000000,4022376000000,112000000,0.0,0,0,VRE,2992720000000.0,1482557000000.0,-6502000000.0,0.0,-262413000000.0,463586000000.0,-250952000000.0,471505000000.0,43194000000.0,67739000000.0,-386355000000.0,-592703000000.0,0.0,-2875936000000.0,1750000000000.0,0.0,2920483000000.0,0.0,0.0,-20911000000.0,0.0,0.0,0.0,0.0,0.0
